Raw_Name,Standardized_Name,Intercompany,Supplier_Type,Location
Xinxiang Degong Machinery,Xinxiang Degong Machinery,N,Manufacturer,China
TDM  Radiadores Do Brasil LTDA.,TDM Radiadores Do Brasil,N,Manufacturer,Brazil
"Ergon Refining, Inc.",Ergon Refining,N,Manufacturer,USA
Shubhada Polymers Products PVT LTD,Shubhada Polymers Products,N,Manufacturer,India
"MICRO TRENDS OF PASADENA, INC",Micro Trends of Pasadena,N,Service Provider,USA
MAVERICK METALS LLC,Maverick Metals,N,Distributor,USA
Dura Serv LLC / Overhead Door Company of Austin,DuraServ,N,Service Provider,USA
"Amada Machinery America, Inc",Amada Machinery America,N,Manufacturer,USA
"R & H Electric Motor Repair, Inc.",R & H Electric Motor Repair,N,Service Provider,USA
Summit Electric Supply,Summit Electric Supply,N,Distributor,USA
"THREE D METALS, INC.",Three D Metals,N,Distributor,USA
REA MAGNET WIRE COMPANY,Rea Magnet Wire,N,Manufacturer,USA
NANA UDYOG,Nana Udyog,N,Manufacturer,India
COPPER AND BRASS SALES,Copper & Brass Sales,N,Distributor,USA
ROYAL WHOLESALE ELECTRIC,Royal Wholesale Electric,N,Distributor,USA
FLIPSPACES DESIGN LABS. INC.,Flipspaces Design Labs,N,Service Provider,USA
FLIPNODE LLC,Flipnode,N,Service Provider,USA
"WATER TECHNOLOGY SOLUTIONS, LLC",Water Technology Solutions,N,Service Provider,USA
COMPLETE OFFICE OF CALIFORNIA,Complete Office of California,N,Distributor,USA
"HAUL-AWAY-RUBBISH SERVICE CO.,INC.",Haul-Away-Rubbish Service,N,Service Provider,USA
JAMAL DAVOODIFARD,Jamal Davoodifard,N,Individual,USA
COOPER POWER SYSTEMS,Cooper Power Systems,N,Manufacturer,USA
"TRANTECH RADIATOR PRODUCTS, INC.",Trantech Radiator Products,N,Manufacturer,USA
WARCO INC.,Warco,N,Manufacturer,USA
QUALITROL COMPANY LLC,Qualitrol Company,N,Manufacturer,USA
WEIDMANN ELECTRICAL TECHNOLOGY INC.,Weidmann Electrical Technology,N,Manufacturer,Switzerland
"KRENZ & COMPANY, INC.",Krenz & Company,N,Manufacturer,USA
QUALITY SWITCH INC.,Quality Switch,N,Manufacturer,USA
ORTEGA TRUCKS S de RL de CV **WIRE**,Ortega Trucks,N,Service Provider,Mexico
CAL FASTENERS INC.,Cal Fasteners,N,Distributor,USA
PENN UNION CO LLC,Penn Union,N,Manufacturer,USA
EDPO LLC. DBA/EXPO PROPANE/SAL'S PROPANE,Expo Propane,N,Distributor,USA
ARAMARK CORPORATION,Aramark,N,Service Provider,USA
"ELECTRICAL POWER AND CONTROLS, INC.",Electrical Power & Controls,N,Manufacturer,USA
ZAL INDUSTRIAL,Zal Industrial,N,Distributor,USA
ARTURO MEDRANO,Arturo Medrano,N,Individual,USA
"ESSEX GROUP, INC. (BROWNELL)",Essex Brownell,N,Distributor,USA
YUEQING SARAH ELECTRIC TECHNOLOGY CO.LTD,Yueqing Sarah Electric Technology,N,Manufacturer,China
"MAGNEKON, S.A. DE C.V.",Magnekon,N,Manufacturer,Mexico
NASHIK INSULATION PVT. LTD,Nashik Insulation,N,Manufacturer,India
"EIS LEGACY, LLC",EIS,N,Distributor,USA
DACCO INDUSTRIAL SUPPLY CO.,Dacco Industrial Supply,N,Distributor,USA
"ELLIOTT INDUSTRIES, INC.",Elliott Industries,N,Manufacturer,USA
"H-J ENTERPRISES, INC.",H-J Family of Companies,N,Manufacturer,USA
"CENTRAL MOLONEY, INC.",Central Moloney,N,Manufacturer,USA
TERMINIX PROCESSING CENTER,Terminix,N,Service Provider,USA
CRANEVEYOR CORP.,Craneveyor,N,Manufacturer,USA
TTP TECHNOLOGIES PVT. LTD. *WIRE*,TTP Technologies,N,Manufacturer,India
MC MASTER CARR SUPPLY CO,McMaster-Carr,N,Distributor,USA
OMICRON ELECTRONICS CORP. USA,OMICRON Electronics,N,Manufacturer,Austria
GCP WW HOLDCO LLC,GCP Applied Technologies,N,Manufacturer,USA
"SHOCKWATCH, INC.",ShockWatch,N,Manufacturer,USA
"GE GRID SOLUTIONS, LLC",GE Grid Solutions,N,Manufacturer,USA
DURGA INTERNATIONAL,Durga International,N,Manufacturer,India
ELECTRICAL MATERIALS COMPANY,Electrical Materials Company,N,Manufacturer,USA
JAKEL COMPONENTS LLC,Jakel Components,N,Manufacturer,USA
XI'AN  YONGPENG MECHANICAL & ELECTRICAL,Xi'an Yongpeng Mechanical & Electrical,N,Manufacturer,China
US CALIBRATION INCORPORATED,US Calibration,N,Service Provider,USA
"C-K COMPOSITES, INC.",C-K Composites,N,Manufacturer,USA
"PORTAGE ELECTRIC PRODUCTS, INC.",Portage Electric Products,N,Manufacturer,USA
NARAYAN POWERTECH PVT. LTD.,Narayan Powertech,N,Manufacturer,India
HOSUM ELECTRIC CO LTD,Hosum Electric,N,Manufacturer,China
FASTENAL MEXICO,Fastenal,N,Distributor,USA
ORIENS TECHNOLOGY CO. LTG,Oriens Technology,N,Manufacturer,China
"SNC MANUFACTURING CO., INC",SNC Manufacturing,N,Manufacturer,USA
"KENNEDY NAMEPLATE COMPANY, INC.",Kennedy Nameplate,N,Manufacturer,USA
ACTION SEALS & GASKETS,Action Seals & Gaskets,N,Manufacturer,USA
"OMEGA ENGINEERING, INC.",Omega Engineering,N,Manufacturer,USA
BEST INDUSTRIAL SUPPLIES,Best Industrial Supplies,N,Distributor,USA
HOME DEPOT CREDIT SERVICES,Home Depot,N,Distributor,USA
WEST COAST PACKER AND PORT SERVICES,West Coast Packer and Port Services,N,Service Provider,USA
"FERGUSON ENTERPRISES, INC.",Ferguson Enterprises,N,Distributor,USA
"ELECTRICAL & ELECTRONIC CONTROLS, INC",Electrical & Electronic Controls,N,Manufacturer,USA
NARBURGH/TIDD LLC,Narburgh/Tidd,N,Service Provider,USA
DRM SERVICE COMPANY,DRM Service,N,Service Provider,USA
IOG PRODUCTS LLC,IOG Products,N,Manufacturer,USA
RELICO LLC,Relico,N,Manufacturer,USA
MILLER ELECTRIC CABLE CORPORATION,Miller Electric Cable,N,Manufacturer,USA
PPG PROTECTIVE & MARINE COATINGS,PPG Protective & Marine Coatings,N,Manufacturer,USA
"FIVE STAR FIRE PROTECTION, INC.",Five Star Fire Protection,N,Service Provider,USA
JOHN L WIELAND,John L Wieland,N,Individual,USA
"NEFAB PACKAGING, INC.",Nefab Packaging,N,Manufacturer,Sweden
"ULINE, INC",Uline,N,Distributor,USA
TC METALS-TIJUANA,TC Metals,N,Distributor,Mexico
CROSSLINK TECHNOLOGY INC.,Crosslink Technology,N,Manufacturer,Canada
EXERTHERM INC.,Exertherm,N,Manufacturer,USA
ALFONSO BARAJAS,Alfonso Barajas,N,Individual,USA
"AIRGAS USA, LLC",Airgas,N,Distributor,USA
AUTOMATIONDIRECT.COM INC,AutomationDirect,N,Distributor,USA
PACIFIC COAST PETROLEUM,Pacific Coast Petroleum,N,Distributor,USA
"SIGNAL FLUID SOLUTIONS, INC.",Signal Fluid Solutions,N,Distributor,USA
"C4NAV GROUP, INC.",C4Nav Group,N,Service Provider,USA
BEDFORD TECHNICAL PRODUCTS LLC,Bedford Technical Products,N,Manufacturer,USA
CALIFORNIA DYNAMICS CORP,California Dynamics,N,Manufacturer,USA
FOSTORIA BUSHINGS & INSULATORS CORP.,Fostoria Bushings & Insulators,N,Manufacturer,USA
AVO MULTI-AMP CORP DBA MEGGER,Megger,N,Manufacturer,USA
KENALLOY FOUNDRY MFG. CO.,Kenalloy Foundry Mfg,N,Manufacturer,USA
BORRMANN METAL CENTER,Borrmann Metal Center,N,Distributor,USA
INDUSTRIAL METAL SUPPLY CO.,Industrial Metal Supply,N,Distributor,USA
THORGREN TOOL & MOLDING,Thorgren Tool & Molding,N,Manufacturer,USA
JONES LUMBER CO.,Jones Lumber,N,Distributor,USA
SIEMENS INDUSTRY SOFTWARE INC.,Siemens Industry Software,N,Service Provider,USA
"BW INDUSTRIAL GRAPHICS, INC",BW Industrial Graphics,N,Manufacturer,USA
"RS AMERICAS, INC",RS Americas,N,Distributor,USA
"NATIONAL ELECTRICAL SERVICES, INC.",National Electrical Services,N,Service Provider,USA
PRACTICAL TOOLS,Practical Tools,N,Distributor,USA
"MASON WEST, INC.",Mason West,N,Manufacturer,USA
ROWE INDUSTRIES,Rowe Industries,N,Manufacturer,USA
CTL PRINTING,CTL Printing,N,Service Provider,USA
"HOWARD INDUSTRIES, INC.",Howard Industries,N,Manufacturer,USA
"SCHGO ENGINEERED PRODUCTS, INC.",SCHGO Engineered Products,N,Manufacturer,USA
ZIEHL-ABEGG INC.,Ziehl-Abegg,N,Manufacturer,Germany
JMS SOUTHEAST INC.,JMS Southeast,N,Manufacturer,USA
"HUBBELL INDUSTRIAL CONTROLS, INC.",Hubbell Industrial Controls,N,Manufacturer,USA
ECS INDUSTRIES PRIVATE LIMITED,ECS Industries,N,Manufacturer,India
AMPAK CHEMICALS INC.,Ampak Chemicals,N,Distributor,USA
"WESCO DISTRIBUTION, INC.",Wesco,N,Distributor,USA
HITACHI ENERGY USA INC.,Hitachi Energy,N,Manufacturer,USA
CARBONLESS ON DEMAND.COM LLC,Carbonless On Demand,N,Service Provider,USA
"CAM STEEL COMPANY, INC.",Cam Steel,N,Distributor,USA
"JFE SHOJI STEEL AMERICA, INC.",JFE Shoji Steel America,N,Distributor,USA
"MEGGER SYSTEMS & SERVICES, INC. AVO DIAGNOSTIC SERVICES",Megger,N,Manufacturer,USA
KIRK KEY INTERLOCK COMPANY,Kirk Key Interlock,N,Manufacturer,USA
NORTECH (UK) LTD *WIRE*,Nortech,N,Manufacturer,United Kingdom
"ANIXTER POWER SOLUTIONS, LLC",Anixter,N,Distributor,USA
POWER GRID SUPPLY LLC,Power Grid Supply,N,Distributor,USA
"SOLO HORTON BRUSHES, INC.",Solo Horton Brushes,N,Manufacturer,USA
LOS ANGELES RUBBER COMPANY DBA MECHANICAL DRIVES ND BELTING,Los Angeles Rubber Company,N,Distributor,USA
"RMS ENERGY CO, LLC.",RMS Energy,N,Service Provider,USA
"SIEMENS INDUSTRY, INC.",Siemens Industry,N,Manufacturer,USA
"MESSERSTROM, INC.",Messerstrom,N,Manufacturer,USA
"RAYTECH USA, INC.",Raytech USA,N,Manufacturer,USA
"NUNEZ GENERAL CONTRACTORS, INC.",Nunez General Contractors,N,Service Provider,USA
ZSI MANUFACTURING INC DBA AMERICAN BELLEVILLE,American Belleville,N,Manufacturer,USA
AC WHOLESALE ELECTRIC,AC Wholesale Electric,N,Distributor,USA
PRO TOOL WAREHOUSE LLC,Pro Tool Warehouse,N,Distributor,USA
CARSON TECHNOLOGY COMPANY,Carson Technology,N,Manufacturer,USA
UL GMBH,UL,N,Service Provider,Germany
"JIANGSU APEC MACHINERY MFG CO.,LTD",Jiangsu Apec Machinery Mfg,N,Manufacturer,China
"WIELAND METAL SERVICES WEST, LLC",Wieland Metal Services West,N,Manufacturer,USA
SCEP,SCEP,N,Service Provider,USA
"SQUARE GROVE LLC, DBA UPLIFT DESK",UPLIFT Desk,N,Manufacturer,USA
NORTH STAR ELECTRICALS PRIVATE LIMITED *WIRE*,North Star Electricals,N,Manufacturer,India
"SGB USA, INC.",SGB USA,N,Manufacturer,USA
COMET METALS INC.,Comet Metals,N,Distributor,USA
"THE HITT COMPANIES, INC.",The Hitt Companies,N,Distributor,USA
"EQUIPMENT DEPOT CALIFORNIA, INC.",Equipment Depot California,N,Distributor,USA
"RESA SERVICE, LLC",RESA Service,N,Service Provider,USA
"FUSECO, INC.",Fuseco,N,Distributor,USA
PRE COMPLIANCE LLC DBA PRE COMPLIANCE,Pre Compliance,N,Service Provider,USA
"SHANGHAI TRIHOPE INTERNATIONAL CO., LTD.",Shanghai Trihope International,N,Manufacturer,China
SAUL HERNADEZ SANTIN (HYSIM),Saul Hernadez Santin,N,Individual,Mexico
ROY E. STONE DBA STONE EQUIPMENT COMPANY,Stone Equipment Company,N,Distributor,USA
"NMCB, INC. DBA CERTAPRO PAINTERS OF NORTHERN CENTRAL TEXAS",CertaPro Painters of Northern Central Texas,N,Service Provider,USA
"BENKO PRODUCTS, INC.",Benko Products,N,Manufacturer,USA
PROFESSIONAL PLASTICS,Professional Plastics,N,Distributor,USA
K&B CONSTRUCTION AND CONCRETE LLC,K&B Construction and Concrete,N,Service Provider,USA
"ELECTRIC POWER SYSTEMS INTERNATIONAL, INC.",Electric Power Systems International,N,Service Provider,USA
"SLA CONCRETE WORKS, LLC",SLA Concrete Works,N,Service Provider,USA
ENGRAVING MACHINES DIRECT INC,Engraving Machines Direct,N,Distributor,USA
KVTEK POWER SYSTEMS PVT LTD *WIRE*,KVTEK Power Systems,N,Manufacturer,India
"RBDR, PLLC",RBDR,N,Service Provider,USA
"JMC EQUIPMENT, LLC",JMC Equipment,N,Distributor,USA
HEART OF TEXAS NETWORK CONSULTANTS,Heart of Texas Network Consultants,N,Service Provider,USA
"MOTION INDUSTRIES, INC.DBA MOTION",Motion,N,Distributor,USA
CISCO MANUFACTURING INC.,Cisco Manufacturing,N,Manufacturer,USA
HUBBELL POWER SYSTEMS,Hubbell Power Systems,N,Manufacturer,USA
CBC METALS PROCESSING CO. **WIRE**,CBC Metals Processing,N,Service Provider,USA
DG CRANE **WIRE**,DG Crane,N,Service Provider,USA
ONESTREAM SOFTWARE LLC,OneStream Software,N,Service Provider,USA
"JOTA MACHINERY INDUSTRIAL KUNSHAN CO., LTD",Jota Machinery Industrial Kunshan,N,Manufacturer,China
RICHARDS SUPPLY COMPANY,Richards Supply,N,Distributor,USA
"CDW LLC DBA CDW DIRECT LLC, CDW DIRECT",CDW,N,Distributor,USA
"CSP UTILITIES, LLC DBA CORNERSTONE PLUMBLING",Cornerstone Plumbing,N,Service Provider,USA
"HARBOR FREIGHT TOOLS USA, INC. DBA HARBOR FREIGHT TOOLS",Harbor Freight Tools,N,Distributor,USA
KRISHNA SHOT BLASTING INDIA PRIVATE LIMITED,Krishna Shot Blasting India,N,Manufacturer,India
DARR EQUIPMENT LP,Darr Equipment,N,Distributor,USA
YOKOGAWA CORPORATION OF AMERICA,Yokogawa,N,Manufacturer,USA
CFO SOLUTIONS LLC,CFO Solutions,N,Service Provider,USA
RAJESH MACHINES INDIA LLP,Rajesh Machines India,N,Manufacturer,India
BEST GRAPHICS INC.,Best Graphics,N,Distributor,USA
"ID STUDIOS INTERIOR DESIGN + STRATEGIC PLANNING, INC.",ID Studios Interior Design + Strategic Planning,N,Service Provider,USA
"DONGGUAN AIRKOO TECHNOLOGY CO., LTD",Dongguan Airkoo Technology,N,Manufacturer,China
"GRAYBAR ELECTRIC CO., INC.",Graybar,N,Distributor,USA
TAPE INDUSTRIAL SALES LLC,Tape Industrial Sales,N,Distributor,USA
DJLT CORPORATION,DJLT,N,Service Provider,USA
SHORE ACRES ENTERPRISES INC.,Shore Acres Enterprises,N,Service Provider,USA
CONSTRUCTION SQUARED GROUP LLC,Construction Squared Group,N,Service Provider,USA
BALLYMORE COMPANY INC,Ballymore,N,Manufacturer,USA
RAYMOND R. VAUGHAN DBA FIBER NETWORK TECHNOLOGIES,Fiber Network Technologies,N,Service Provider,USA
JUNXIONG ELECTRICAL LIMITED *WIRE*,Junxiong Electrical,N,Manufacturer,China
"WUXI GAS PURIFICATION SOLUTIONS CO,. LTD.",Wuxi Gas Purification Solutions,N,Manufacturer,China
"180 CUSTOM MANUFACTURING, LLC",180 Custom Manufacturing,N,Manufacturer,USA
NELSON STUD WELDING INC.,Nelson Stud Welding,N,Manufacturer,USA
CENTURY PALLETS,Century Pallets,N,Manufacturer,USA
"BUSY BEE PRINTING, LLC",Busy Bee Printing,N,Service Provider,USA
THERRELL LOCK & SAFE CO,Therrell Lock & Safe,N,Service Provider,USA
ALSIP ELECTRICAL CONSTRUCTION LLC,Alsip Electrical Construction,N,Service Provider,USA
"CARLTON INDUSTRIAL MANUFACTURING, LLC.",Carlton Industrial Manufacturing,N,Manufacturer,USA
FOSHAN JINGYI INTELLIGENT MACHINERY,Foshan Jingyi Intelligent Machinery,N,Manufacturer,China
ARROW CRANEHOIST CORP.,Arrow Cranehoist,N,Manufacturer,USA
ACE COMMERCIAL FENCE,Ace Commercial Fence,N,Service Provider,USA
ADVANCED COMPRESSED AIR SOLUTIONS LLC,Advanced Compressed Air Solutions,N,Service Provider,USA
THOMAS WRIGHT CONSTRUCTION DBA BUILT-WRIGHT CONSTRUCTION LLC,Built-Wright Construction,N,Service Provider,USA
EN -SOL BAJA - ROMAN ALBERTO DE LEON PEREZ **WIRE**,En-Sol Baja,N,Service Provider,Mexico
HOLLAND NAMEPLATE INC.,Holland Nameplate,N,Manufacturer,USA
"VANTRAN INDUSTRIES, INC. DBA VAN TRAN TRANSFORMERS",Van Tran Transformers,N,Manufacturer,USA
KUDOX NETWORK LLC,Kudox Network,N,Service Provider,USA
LIFETIME EQUIPMENT LLC,Lifetime Equipment,N,Distributor,USA
COMPLIMENTS *WIRE*,Compliments,N,Service Provider,USA
"DINGZHIPIN GARMENT HK CO., LTD",Dingzhipin Garment HK,N,Manufacturer,China
"ANBU SAFETY INDUSTRIAL CO., LTD",Anbu Safety Industrial,N,Manufacturer,China
"TOOLWELL, INC DBA TOOLWELL.COM, RIGGING.COM",Toolwell,N,Distributor,USA
"MATHESON TRI-GAS, INC.",Matheson Tri-Gas,N,Manufacturer,USA
"MOTORS & CONTROLS WAREHOUSE, INC",Motors & Controls Warehouse,N,Distributor,USA
MONROE ENGINEERING GROUP LLC DBA ONEMONROE,OneMonroe,N,Manufacturer,USA
A10 ASSOCIATES,A10 Associates,N,Service Provider,USA
"SWS PRECISION WAREHOUSE DESIGN, LLC",SWS Precision Warehouse Design,N,Service Provider,USA
HEADWIND GROUP,Headwind Group,N,Service Provider,China
METHEL SEEDER DBA BUTLER COMPRESSOR II,Butler Compressor,N,Service Provider,USA
OND GROUP LLC DBA GUARDS ON CALL,Guards On Call,N,Service Provider,USA
ELMAS MAGNETICS PVT LTD *WIRE*,Elmas Magnetics,N,Manufacturer,India
MTi CONSTRUCTION INC.,MTi Construction,N,Service Provider,USA
JOHNSON EQUIPMENT COMPANY,Johnson Equipment,N,Distributor,USA
"HANDLING SYSTEMS AND CONVEYORS, INC",Handling Systems & Conveyors,N,Manufacturer,USA
"UPSIDE INNOVATIONS, LLC",Upside Innovations,N,Manufacturer,USA
BRAND MAKERS LLC,Brand Makers,N,Service Provider,USA
"KITEROCKET, LLC",Kiterocket,N,Service Provider,USA
"VITAL RECORDS HOLDINGS, LLC",Vital Records Holdings,N,Service Provider,USA
RICHARD PARAMO DBA LIFT MAX (pls use 541260),Lift Max,N,Manufacturer,USA
"AMERICAN INDUSTRIAL SERVICES, INC.",American Industrial Services,N,Service Provider,USA
"GIANT LIFT CO. LTD. ""WIRE""",Giant Lift,N,Manufacturer,USA
MINITAB LLC,Minitab,N,Service Provider,USA
SURE SHINE SERVICES INC.,Sure Shine Services,N,Service Provider,USA
"PRIVACY TOLL FREE, LLC",Privacy Toll Free,N,Service Provider,USA
"MALMER STRAPPING CO.,INC.",Malmer Strapping,N,Distributor,USA
"ABRASIVE WAREHOUSE & EQUIPMENT, L.P.",Abrasive Warehouse & Equipment,N,Distributor,USA
MASTER INTERNATIONAL CORPORATION,Master International,N,Distributor,USA
LANDMARK SOLUTION LLC,Landmark Solution,N,Service Provider,USA
"ALPHA MATERIALS HANDLING, INC.",Alpha Materials Handling,N,Distributor,USA
DECISIONPOINT SYSTEMS INC.,DecisionPoint Systems,N,Service Provider,USA
"THE JANKOVICH COMPANY, LLC",The Jankovich Company,N,Distributor,USA
TED JONES FORDS INC DBA KEN GRODY FORD,Ken Grody Ford,N,Distributor,USA
HIPOTRONICS INC,Hipotronics,N,Manufacturer,USA
WORLDWIDE MISSION CRITICAL FOUNDATION INC.,Worldwide Mission Critical Foundation,N,Service Provider,USA
QT9 SOFTWARE INC,QT9 Software,N,Service Provider,USA
MERAMEC INSTRUMENTAL TRANSFORMER CO.,Meramec Instrumental Transformer,N,Manufacturer,USA
JACOB MAX NASIM,Jacob Max Nasim,N,Individual,USA
GUIDE TECHNOLOGIES LLC,Guide Technologies,N,Service Provider,USA
SHERMCO INDUSTRIES INC,Shermco Industries,N,Service Provider,USA
3MD POWER SERVICES,3MD Power Services,N,Service Provider,USA
FLORIDA TRANSFORMER LLC,Florida Transformer,N,Manufacturer,USA
"CRAWFORD ELECTRIC SUPPLY CO., INC. DBA CRAWFORD ELECT SUPPLY",Crawford Electric Supply,N,Distributor,USA
"INGALLS CONVEYORS, INC.",Ingalls Conveyors,N,Manufacturer,USA
ASTOUND GROUP LLC,Astound Group,N,Service Provider,Canada
DISCOVERY ENERGY US ACQUISITION CORPORATION,Discovery Energy,N,Service Provider,USA
INDIGO SUPPLY CHAIN SOLUTION,Indigo Supply Chain Solution,N,Service Provider,USA
JST POWER EQUIPMENT INC,JST Power Equipment,N,Manufacturer,USA
BRYAN ALBERTS DBA SECURITY ADVISING LLC,Bryan Alberts,N,Individual,USA
CHIRAB TECHNOLOGIES,Chirab Technologies,N,Service Provider,USA
ORANGE COUNTY FIRE PROTECTION,Orange County Fire Protection,N,Service Provider,USA
HAMPTON TEDDER ELECTRIC COMPANY,Hampton Tedder Electric,N,Service Provider,USA
BOTROS POWER WASHING INC,Botros Power Washing,N,Service Provider,USA
APPLE INC.,Apple,N,Manufacturer,USA
WILLIAMS SCOTSMAN INC,Williams Scotsman,N,Service Provider,USA
SHORTPOINT INC,ShortPoint,N,Service Provider,USA
GLOBAL GUARDIAN LLC,Global Guardian,N,Service Provider,USA
THE SHERWIN-WILLIAMS CO.,Sherwin-Williams,N,Manufacturer,USA
FIUNEX INC,Fiunex,N,Service Provider,USA
READ AI INC,Read AI,N,Service Provider,USA
GLOBALWITS DATA AI CO LTD,Globalwits,N,Service Provider,China
NEXT LEVEL TENANT IMPROVEMENT INC,Next Level Tenant Improvement,N,Service Provider,USA
ALTERYX INC,Alteryx,N,Service Provider,USA
ALCONEX SPECIALTY PRODUCTS INC,Alconex Specialty Products,N,Manufacturer,USA
TECH PUNDITS INC,Tech Pundits,N,Service Provider,USA
"VORTEX INDUSTRIES,INC.",Vortex Industries,N,Service Provider,USA
ORNET TRANSFORMERS PVT LTD,Ornet Transformers,N,Manufacturer,India
VALUTRACK CORPORATION,ValuTrack,N,Distributor,USA
GoEngineer Inc.,GoEngineer,N,Service Provider,USA
BELENUS POWER GROUP INC,Belenus Power Group,N,Manufacturer,Canada
RUGGED MONITORING USA INC,Rugged Monitoring,N,Manufacturer,USA
NITRO SOFTWARE INC.,Nitro Software,N,Service Provider,USA
AMERICAN BUREAU OF SHIPPING,American Bureau of Shipping,N,Service Provider,USA
S&P GLOBAL MARKET INTELLIGENCE INC,S&P Global Market Intelligence,N,Service Provider,USA
"I-GARD CORPORATION ""WIRE""",I-Gard,N,Manufacturer,Canada
"MINCO PRODUCTS, INC.",Minco Products,N,Manufacturer,USA
PHX OPEN TIX LLC,PHX Open Tix,N,Service Provider,USA
GLOBAL EQUIPMENT COMPANY INC,Global Industrial,N,Distributor,USA
AMAZON BUSINESS,Amazon Business,N,Distributor,USA
BEST BUY STORES LP,Best Buy,N,Distributor,USA
"CASPIAN SERVICES, INC.",Caspian Services,N,Service Provider,USA
"IMAGE 2000, INC.",Image 2000,N,Service Provider,USA
MIDTOWN PLUMBING INC,Midtown Plumbing,N,Service Provider,USA
MONSTER ELECTRICAL LLC,Monster Electrical,N,Distributor,USA
"XIGENT PRINTING, INC.",Xigent Printing,N,Service Provider,USA
JIANGSHAN SCOTECH ELECTRICAL CO LTD,Jiangshan Scotech Electrical,N,Manufacturer,China
TPx COMMUNICATIONS,TPx Communications,N,Service Provider,USA
SCOTECH OVERSEAS ENGINEERING LIMITED,Scotech Overseas Engineering,N,Service Provider,China
SOLUTIONS-II INC,Solutions-II,N,Service Provider,USA
"SAFETY SUPPLY AMERICA, INC. DBA SALISBUTY ONLINE",Safety Supply America,N,Distributor,USA
GRUPO ARGA METALS S DE RL DE CV,Grupo Arga Metals,N,Manufacturer,Mexico
EMID LLC,EMID,N,Service Provider,USA
ADOBE INC,Adobe,N,Service Provider,USA
PAYUM CORP,Payum,N,Service Provider,USA
FRONTIER TECHNOLOGY LLC,Frontier Technology,N,Service Provider,USA
SASHI PAGADALA,Sashi Pagadala,N,Individual,USA
METGLAS INC,Metglas,N,Manufacturer,USA
JUNKER GONZALEZ ENGINEERING GROUP,Junker Gonzalez Engineering Group,N,Service Provider,USA
LIFT MAX LLC,Lift Max,N,Manufacturer,USA
JZPE POWER TRANSFORMER (JIANGSU) CO LTD,JZPE Power Transformer,N,Manufacturer,China
NASSAU NATIONAL CABLE CORP,Nassau National Cable,N,Distributor,USA
"KEMA- POWERTEST, LLC",KEMA-Powertest,N,Service Provider,USA
ZHEJIANG ANHUANG IMP & EXPO CO LTD,Zhejiang Anhuang,N,Manufacturer,China
VIAT AMERICA INC,Viat America,N,Manufacturer,USA
PEARCE SERVICES LLC,Pearce Services,N,Service Provider,USA
JOSEPH A TWOMBLY DBA INLAND OVEN SERVICE,Inland Oven Service,N,Individual,USA
AURORA ENERGY SERVICES INC,Aurora Energy Services,N,Service Provider,USA
MEGARESISTORS CORP,Megaresistors,N,Manufacturer,Canada
WB ENTERPRISES INC DBA KSM INDUSTRIES INC,KSM Industries,N,Manufacturer,USA
"STATES MANUFACTURING, L.L.C.",States Manufacturing,N,Manufacturer,USA
VANDER BEND MANUFACTURING INC,Vander Bend Manufacturing,N,Manufacturer,USA
DD WIRE CO INC.,DD Wire,N,Manufacturer,USA
FORGENT POWER SOLUTIONS LLC,Forgent Power Solutions,N,Service Provider,USA
MELROSE MAC INC,Melrose MAC,N,Distributor,USA
SMARTSHEET INC.,Smartsheet,N,Service Provider,USA
OXIGENO Y EQUIPOS SA DE CV,Oxigeno y Equipos,N,Distributor,Mexico
SHANGHAI LOGINFLY SAWING TECHNOLOGY CO LTD,Shanghai Loginfly Sawing Technology,N,Manufacturer,China
PROVEEDORA DE VEHICULOS INDUSTRIALES SA DE CV,Proveedora de Vehiculos Industriales,N,Distributor,Mexico
XENON SIGNAGES,Xenon Signages,N,Manufacturer,India
COMPRESORES INDUSTRIALES DEL NOROESTE S DE RL DE CV,Compresores Industriales del Noroeste,N,Distributor,Mexico
R P A IMPORT & EXPORT INC,R P A Import & Export,N,Distributor,USA
HUMBERTO PEREZ ARAGON,Humberto Perez Aragon,N,Individual,Mexico
AQUA MACHINERY SA DE CV,Aqua Machinery,N,Distributor,Mexico
HEBEI HANNA TECHNOLOGY CO LTD,Hebei Hanna Technology,N,Manufacturer,China
JUAN JOSE VALENZUELA BOBADILLA,Juan Jose Valenzuela Bobadilla,N,Individual,Mexico
ESTEBAN GILDARDO VALENZUELA CASTRO,Esteban Gildardo Valenzuela Castro,N,Individual,Mexico
JIANGSU YAWEI MACHINE-TOOL CO LTD *WIRE*,Jiangsu Yawei Machine-Tool,N,Manufacturer,China
ISA RACK SA,ISA Rack,N,Manufacturer,Mexico
MANTENIMIENTO INDUSTRIAL TISI S DE RL DE CV,Mantenimiento Industrial Tisi,N,Service Provider,Mexico
CONSPRO DE TIJUANA,Conspro de Tijuana,N,Distributor,Mexico
"TECHNICAL TOOL PRODUCTS, INC.",Technical Tool Products,N,Distributor,USA
"PATTON'S OF CALIFORNIA, LLC",Patton's of California,N,Distributor,USA
HORNOS Y SISTEMAS INDUSTRIALES,Hornos y Sistemas Industriales,N,Manufacturer,Mexico
SOUTHWEST INDUSTRIAL ELECTRIC,Southwest Industrial Electric,N,Service Provider,USA
"BMF METAL FABRICATION, LLC",BMF Metal Fabrication,N,Manufacturer,USA
PLUMP ENGINEERING INC,Plump Engineering,N,Service Provider,USA
ADVANCED TEST EQUIPMENT CORPORATION,Advanced Test Equipment,N,Distributor,USA
NES COPORATION,NES,N,Manufacturer,USA
CEE DEE VACUUM EQUIPMENT PVT. LTD.,Cee Dee Vacuum Equipment,N,Manufacturer,India
ENGINEERED PRODUCTS A PAPE CO,Engineered Products,N,Distributor,USA
"JINAN LEADERFENG MACHINERY CO.,LTD",Jinan Leaderfeng Machinery,N,Manufacturer,China
COMEQ INC,Comeq,N,Distributor,USA
C E PICKUP COMPANY INC,C E Pickup Company,N,Service Provider,USA
ANGEL FERNANDO MADERO SEVIN,Angel Fernando Madero Sevin,N,Individual,Mexico
JD CONSTRUCTION GROUP INC,JD Construction Group,N,Service Provider,USA
EXPRESS LOGISTICS INC,Express Logistics,N,Service Provider,USA
CLEAN AIR PCI LLC BDA FUME DOG,Fume Dog,N,Manufacturer,USA
SPECIALIZED PRODUCTS COMPANY,Specialized Products Company,N,Distributor,USA
THETFORD INDUSTRIAL SOLUTIONS LLC,Thetford Industrial Solutions,N,Service Provider,USA
A L FORTE PAINTING AND RESTORATION,A L Forte Painting and Restoration,N,Service Provider,USA
TASCO AUTO COLOR #5,Tasco Auto Color,N,Distributor,USA
INGENIERA Y CONTROL INDUSTRIAL ISK SA DE CV,Ingeniera y Control Industrial ISK,N,Service Provider,Mexico
MANOGRAPHS LLC,Manographs,N,Service Provider,USA
VOS INC,VOS,N,Service Provider,USA
COLE PARMER INSTRUMENT COMPANY LLC,Cole-Parmer,N,Manufacturer,USA
CALIFORNIA AIR CONDITIONING SYSTEM INC,California Air Conditioning System,N,Service Provider,USA
PARTIDA OHANA ENTERPRISES LLC,Partida Ohana Enterprises,N,Service Provider,USA
JOHN R CANNON,John R Cannon,N,Individual,USA
ACE CRANE SERVICE INC,Ace Crane Service,N,Service Provider,USA
STACKHOUSE ELECTRIC INC,Stackhouse Electric,N,Service Provider,USA
F SQUARED ENGINEERING CORP,F Squared Engineering,N,Service Provider,USA
DYNOTEK SOLUTIONS LLC,Dynotek Solutions,N,Service Provider,USA
SIGNS OF SCHUPPE LLC,Signs Of Schuppe,N,Manufacturer,USA
DELL BUSINESS CREDIT,Dell,N,Manufacturer,USA
KEY DYNAMICS SOLUTIONS PRIVATE LIMITED,Key Dynamics Solutions,N,Service Provider,India
CRANETECH INC,Cranetech,N,Service Provider,USA
NODE7 LOGIC INC,Node7 Logic,N,Service Provider,USA
NORTH SOUTH MACHINERY,North South Machinery,N,Distributor,USA
JILL KINDUELL DBA TOTAL GRAPHIC SOURCE LLC,Total Graphic Source,N,Service Provider,USA
THOMSON REUTERS AMERICA CORPORATION,Thomson Reuters,N,Service Provider,Canada
ENERGY SERVICES GROUP OF AMERICA INC DBA ENERGY SERVICES GRO,Energy Services Group,N,Service Provider,USA
"LONESTAR FANCY FLUSH, LLC",Lonestar Fancy Flush,N,Service Provider,USA
"ATCO STRUCTURES & LOGISTICS (USA), INC.",ATCO Structures & Logistics,N,Service Provider,Canada
"M&B TOOLS, LLC",M&B Tools,N,Distributor,USA
MARY R LOPEZ DBA A-1 STRIPPING & PAVEMENT SERVICE,A-1 Stripping & Pavement Service,N,Service Provider,USA
"JAM TOOLS, LLC",Jam Tools,N,Distributor,USA
ROBIN L KANZ BDA TMS LEASING,TMS Leasing,N,Service Provider,USA
"INDUSTRIAL RIGGING SERVICE OF CENTRAL TEXAS, INC",Industrial Rigging Service of Central Texas,N,Service Provider,USA
"ROCA BATHROOM PRODUCTS, INC. DBA BATHROOM PRODUCTS USA",Roca Bathroom Products,N,Manufacturer,Spain
"AI FIRE, LLC DBA IMPACT FIRE SERVICES, LLC",Impact Fire Services,N,Service Provider,USA
HCS INC COMMERCIAL GENERAL CONTRACTOR,HCS Commercial General Contractor,N,Service Provider,USA
"KONECRANES, INC",Konecranes,N,Manufacturer,Finland
RED BIRD DIGITAL MEDIA LLC BDA FASTSIGNS15101,Fastsigns,N,Service Provider,USA
JOSE DE JESUS AYALA MARIN,Jose De Jesus Ayala Marin,N,Individual,Unknown
MARTIN WRIGHT DBA FLAT ROCK TRAILERS LLC,Flat Rock Trailers,N,Manufacturer,USA
THE DRAPERY SHOP OF WACO INC,The Drapery Shop of Waco,N,Manufacturer,USA
VAN SANT ENTERPRISES INC DBA TRICK-TOOLS,Trick-Tools,N,Distributor,USA
SIDELINE ENTERPRISE DBA LOOP 340 OVERHEAD DOOR,Loop 340 Overhead Door,N,Service Provider,USA
DEALERS ELECTRICAL SUPPLY CO.,Dealers Electrical Supply,N,Distributor,USA
STEVE WADE DBA W E ELECTRIC,W E Electric,N,Service Provider,USA
WINTON ENGINEERING INC,Winton Engineering,N,Service Provider,USA
H B BLAKE BUILDING SPECIALTIES INC,H B Blake Building Specialties,N,Distributor,USA
CWA CONSTRUCTION INC,CWA Construction,N,Service Provider,USA
QPS AMERICA INC,QPS America,N,Service Provider,USA
BOWEN ELECTRIC COMPANY INC,Bowen Electric Company,N,Service Provider,USA
LONE STAR IRONWORKS LLC,Lone Star Ironworks,N,Manufacturer,USA
NSF INTERNATIONAL,NSF International,N,Service Provider,USA
"ZHENGZHOU LP INDUSTRY., LTD **WIRE**",Zhengzhou LP Industry,N,Manufacturer,China
ARMPRE MACHINERY CO LTD,Armpre Machinery,N,Manufacturer,China
"*DO NOT USE* JOSE ANTONIO GARCIA MONTANO ""WIRE""",Jose Antonio Garcia Montano,N,Individual,Mexico
LAVAL TIJUANA SA DE CV,Laval Tijuana,N,Distributor,Mexico
ITM MACHINERY MOVERS,ITM Machinery Movers,N,Service Provider,USA
MONGA STRAYFIELD PVT. LTD,Monga Strayfield,N,Manufacturer,India
"H.A. GUDEN COMPANY, INC.",H.A. Guden,N,Manufacturer,USA
CINCINNATI INCORPORATED,Cincinnati Incorporated,N,Manufacturer,USA
ERNEST PACKAGING SOLUTIONS,Ernest Packaging Solutions,N,Distributor,USA
OMAX CORPORATION,OMAX,N,Manufacturer,USA
JOEL GARZA DE KOSTER,Joel Garza De Koster,N,Individual,Mexico
ALTERNATIVE PARTS INC.,Alternative Parts,N,Manufacturer,USA
eReplacementParts.com,eReplacementParts,N,Distributor,USA
"S & R METALS, INC.",S & R Metals,N,Distributor,USA
CORRUGADOS DE BAJA CALIFORNIA,Corrugados de Baja California,N,Manufacturer,Mexico
ACTIVE WINDOW PRODUCTS,Active Window Products,N,Manufacturer,USA
BLASTONE INTERNATIONAL,BlastOne International,N,Distributor,USA
CARDINAL PAINT,Cardinal Paint,N,Manufacturer,USA
ENGINEERED PRODUCTS & SERVICES INC.,Engineered Products & Services,N,Manufacturer,USA
"RELIANCE STEEL & ALUMINUM CO, INC., RELIANCE METAL CENTER",Reliance Steel & Aluminum,N,Distributor,USA
NFI - NAMEPLATES FOR INDUSTRY,NFI - Nameplates for Industry,N,Manufacturer,USA
"DUBOIS CHEMICALS, INC.",DuBois Chemicals,N,Manufacturer,USA
"TOTAL PLASTICS RESOURCES, LLC",Total Plastics Resources,N,Distributor,USA
LAIRD PLASTICS INC.,Laird Plastics,N,Distributor,USA
TRISHUL WINDING SOLUTIONS PRIVATE LIMITED *WIRE*,Trishul Winding Solutions,N,Manufacturer,India
EMKA MEXICO BESCHLAGTEILE,EMKA Mexico,N,Manufacturer,Mexico
"FARMER'S COPPER, LTD",Farmer's Copper,N,Distributor,USA
METRO WIRE & CABLE CORP.,Metro Wire & Cable,N,Distributor,USA
ALLIED TRADING INC. DBA ALLIED POWER AND CONTROL,Allied Power and Control,N,Distributor,USA
CLASS A PRECISION INC,Class A Precision,N,Manufacturer,USA
EQ INGENIERIA LLC,EQ Ingenieria,N,Service Provider,Mexico
GCN SUPPLY LLC,GCN Supply,N,Distributor,USA
QUICK SOLUTIONS SUPPLY INC,Quick Solutions Supply,N,Distributor,USA
EXPORTADORA ACEROMEX SA PI DE CV,Aceromex,N,Manufacturer,Mexico
GUJARAT PLUG IN DEVICES PVT LTD,Gujarat Plug In Devices,N,Manufacturer,India
TIGER DRYLAC USA INC,Tiger Drylac,N,Manufacturer,USA
SALVADOR BALLESTEROS,Salvador Ballesteros,N,Individual,Mexico
MICRO MECH ENGINEERS,Micro Mech Engineers,N,Manufacturer,India
UNITED ALUMINUM CORPORATION,United Aluminum,N,Manufacturer,USA
ADVAMEX LLC,Advamex,N,Manufacturer,Mexico
GLORIA NIREY CASTRO TORRES,Gloria Nirey Castro Torres,N,Individual,Mexico
TRIPLE-S STEEL HOLDINGS INC. DBA MAAS HANSEN STEEL,Maas Hansen Steel,N,Distributor,USA
MARTIN ENRIQUE MATA MURGUIA DBA MATA TRUCKING,Mata Trucking,N,Service Provider,USA
"SCOTCHMAN INDUSTRIES, INC.",Scotchman Industries,N,Manufacturer,USA
PERFECTION MACHINE & TOOL WORKS,Perfection Machine & Tool Works,N,Manufacturer,USA
UNIVERSAL FOREST PRODUCTS EASTERN DIV.,Universal Forest Products,N,Manufacturer,USA
NORCK INC.,Norck,N,Service Provider,USA
"ARGON TOOL, INC",Argon Tool,N,Manufacturer,USA
JOHN STORTZ & SON,John Stortz & Son,N,Manufacturer,USA
FRANCISO JAVIER LEZO DBA LEZCO INTERFACE COMMUNICATIONS,Lezco Interface Communications,N,Service Provider,USA
"WENZHOU BINBAO MACHINERY CO., LTD.",Wenzhou Binbao Machinery,N,Manufacturer,China
"BOSSARD AEROSPACE, INC. DBA BOSSARD",Bossard,N,Distributor,Switzerland
HAEGER INC,Haeger,N,Manufacturer,USA
SJ ELECTRO SYSTEMS LLC DBA HORLICK COMPANY LLC,Horlick Company,N,Manufacturer,USA
ALCO TECH INC,Alco Tech,N,Manufacturer,USA
SHANGHAI LEWANJOY INDUSTRY CO LTD,Shanghai Lewanjoy Industry,N,Manufacturer,China
ONE ON ONE INC,One On One,N,Service Provider,USA
LEAN EXCELLENCE CORP,Lean Excellence,N,Service Provider,USA
OPTIMAL PROGRAMS SRL,Optimal Programs,N,Service Provider,Romania
GMW ASSOCIATES,GMW Associates,N,Distributor,USA
INTERNATIONAL POWDER COATINGS INC,International Powder Coatings,N,Service Provider,USA
PRESS ROOM EQUIPMENT CO LLC,Press Room Equipment,N,Manufacturer,USA
NORD SECURITY INC,Nord Security,N,Service Provider,USA
COMCAST HOLDINGS CORPORATION DBA COMCAST BUSINESS,Comcast Business,N,Service Provider,USA
MATERIALES DE CONSUMO PARA LA MAQUILADORA SA DE CV,Materiales De Consumo Para La Maquiladora,N,Distributor,Mexico
MECANICADOS DE PRECISION Y CNC DE MEXICO,Mecanicados De Precision Y CNC De Mexico,N,Manufacturer,Mexico
ELECTROMECANICA AND CONSTRUCCIONES,Electromecanica And Construcciones,N,Service Provider,Mexico
ZIUX INDUSTRIAL S DE RL DE CV,Ziux Industrial,N,Distributor,Mexico
"A & T PALLETS, INC",A & T Pallets,N,Manufacturer,USA
ACCUENERGY (CANADA) INC.,Accuenergy,N,Manufacturer,Canada
"UNLIMITED ELECTRO AUTOMATIONS AND CONTROLS, INC.",Unlimited Electro Automations & Controls,N,Distributor,USA
ONESOURCE DISTRIBUTORS LLC,OneSource Distributors,N,Distributor,USA
"QUIKSOL AMERICAS, LLC",Quiksol Americas,N,Distributor,USA
"DIAMOND VOGEL, INC. DBA DIAMOND VOGEL/OLD MASTERS/VAN SICKLE",Diamond Vogel,N,Manufacturer,USA
"BAJA PROCESSING COMPANY ""WIRE""",Baja Processing Company,N,Service Provider,Mexico
ALCO MAQUILA SA DE CV,Alco Maquila,N,Service Provider,Mexico
BAJA PROCESSING COMPANY LLC,Baja Processing Company,N,Service Provider,Mexico
PHOENIX METALS CO,Phoenix Metals,N,Distributor,USA
IRMA GUADALUPE MEJIA MARTINEZ,Irma Guadalupe Mejia Martinez,N,Individual,Mexico
EMPRESAS MATCO SA DE CV,Empresas Matco,N,Distributor,Mexico
MAQUINAS HERRAMIENTAS BIMEX **WIRE**,Maquinas Herramientas Bimex,N,Distributor,Mexico
INDUSTRIAS FRI-MAR SA DE CV,Industrias Fri-Mar,N,Manufacturer,Mexico
STERLING FABRICATING EQUIPMENT INC DBA STERLING MACHINERY,Sterling Machinery,N,Distributor,USA
ComAp *DO NOT USE* (USE ComAp LLC),ComAp,N,Manufacturer,Czech Republic
"Keystone Acquisition Company, Inc.",Keystone Acquisition Company,N,Manufacturer,USA
Stored Energy Solutions LLC,Stored Energy Solutions,N,Manufacturer,USA
James Hannan DBA Riva Controls LLC (DO NOT USE),Riva Controls,N,Service Provider,USA
HARTFIEL AUTOMATION,Hartfiel Automation,N,Distributor,USA
"Resa Service, LLC",RESA Power,N,Service Provider,USA
ComAp LLC,ComAp,N,Manufacturer,Czech Republic
GORDON ELECTRIC SUPPLY,Gordon Electric Supply,N,Distributor,USA
Orto de Mexico,Orto de Mexico,N,Manufacturer,Mexico
Kimball Midwest,Kimball Midwest,N,Distributor,USA
"Ritz Instrument Transformers, Inc",Ritz Instrument Transformers,N,Manufacturer,Germany
"Tequipment, Touchboards",TEquipment,N,Distributor,USA
Accuwright Mechanical LLC,Accuwright Mechanical,N,Service Provider,USA
JZPE Power Transformer Inc.,JZPE Power Transformer,N,Manufacturer,China
OTC Industrial Technologies,OTC Industrial Technologies,N,Distributor,USA
Advanced Technology Services,Advanced Technology Services,N,Service Provider,USA
Total Office Solutions,Total Office Solutions,N,Service Provider,USA
Direct Pallet Racking LLC,Direct Pallet Racking,N,Distributor,USA
Information & Computing DBA RF-SMART,RF-SMART,N,Service Provider,USA
JD Construction Group,JD Construction Group,N,Service Provider,USA
Lapham-Hickey Steel Corp,Lapham-Hickey Steel,N,Distributor,USA
Brazos Media Technologies,Brazos Media Technologies,N,Service Provider,USA
"Mazzella Lifting Technologies, Inc.",Mazzella Lifting Technologies,N,Manufacturer,USA
CertaPro Painter of Northern Central Texas,CertaPro Painters,N,Service Provider,USA
Esteban Gildardo Valenzuela Castro,Esteban Gildardo Valenzuela Castro,N,Individual,Mexico
Energy Services Group,Energy Services Group,N,Service Provider,USA
Texas Document Solutions Inc.,Texas Document Solutions,N,Service Provider,USA
Materials Transportation Company,Materials Transportation Company,N,Manufacturer,USA
CraneTech Inc.,CraneTech,N,Service Provider,USA
Caldwell Electric,Caldwell Electric,N,Service Provider,USA
Webco Manufacturing Inc,Webco Manufacturing,N,Manufacturer,USA
Grones Environmental Services,Grones Environmental Services,N,Service Provider,USA
Belfor USA Group Inc,Belfor,N,Service Provider,USA
Atco Structures & Logistics,ATCO Structures & Logistics,N,Service Provider,Canada
GE Grid Solutions LLC,GE Grid Solutions,N,Manufacturer,USA
Enerpac Tool Group,Enerpac Tool Group,N,Manufacturer,USA
H2Scan Corporation,H2Scan,N,Manufacturer,USA
_PwrQ,PwrQ,N,Service Provider,USA
Pfisterer Kontaktsysteme,Pfisterer,N,Manufacturer,Germany
Ambassador Controls & Engineering,Ambassador Controls & Engineering,N,Service Provider,USA
Atlas Team Solutions,Atlas Team Solutions,N,Service Provider,USA
Krishna Shot Blasting,Krishna Shot Blasting,N,Manufacturer,India
Byram Laboratories Inc.,Byram Laboratories,N,Distributor,USA
Power Grid Supply LLC,Power Grid Supply,N,Distributor,USA
Quantum Machinery Group,Quantum Machinery Group,N,Distributor,USA
Potencia Partners,Potencia Partners,N,Service Provider,USA
Panel Built Inc.,Panel Built,N,Manufacturer,USA
"Xometry, Inc.",Xometry,N,Service Provider,USA
Johnson Equipment Company,Johnson Equipment,N,Distributor,USA
Shanghai Trihope International Co.,Shanghai Trihope International,N,Manufacturer,China
IPS Packaging & Automation,IPS Packaging & Automation,N,Distributor,USA
Circle Logistics Inc,Circle Logistics,N,Service Provider,USA
"Instrument Repair & Calibration, Inc.",Instrument Repair & Calibration,N,Service Provider,USA
_Ares Energy LP,Ares Energy,N,Service Provider,USA
Four R Marketing,Four R Marketing,N,Distributor,USA
Aurora Energy Services Inc.,Aurora Energy Services,N,Service Provider,USA
ALLEGIS CORPORATION,Allegis,N,Distributor,USA
GLOBAL INDUSTRIAL,Global Industrial,N,Distributor,USA
GRAINGER,Grainger,N,Distributor,USA
ULINE,Uline,N,Distributor,USA
FLEX-CORE,Flex-Core,N,Manufacturer,USA
Arbon Equipment Corporation,Arbon Equipment,N,Service Provider,USA
FASTENAL COMPANY,Fastenal,N,Distributor,USA
SAGINAW CONTROL & ENGINEERING,Saginaw Control & Engineering,N,Manufacturer,USA
TEQUIPMENT,TEquipment,N,Distributor,USA
MOTION INDUSTRIES,Motion Industries,N,Distributor,USA
GERRY POST,Gerry Post,N,Individual,USA
ELLIOTT ELECTRIC SUPPLY,Elliott Electric Supply,N,Distributor,USA
MSC INDUSTRIAL SUPPLY CO,MSC Industrial Supply,N,Distributor,USA
AMERICAN BELLEVILLE,American Belleville,N,Manufacturer,USA
eBay,eBay,N,Distributor,USA
DB Roberts,DB Roberts,N,Distributor,USA
MaintainX Inc,MaintainX,N,Service Provider,USA
Pretreatment Equipment Manufacturing Inc.,Pretreatment Equipment Manufacturing,N,Manufacturer,USA
H2scan Corporation,H2scan,N,Manufacturer,USA
KIRK KEY INTERLOCK COMPANY LLC,Kirk Key Interlock,N,Manufacturer,USA
COOPER POWER SYSTEMS LLC,Cooper Power Systems,N,Manufacturer,USA
Washington Dept of Revenue,Washington Dept of Revenue,N,Service Provider,USA
Lee Products Inc.,Lee Products,N,Manufacturer,USA
Mox Enterprises Inc.,Mox Enterprises,N,Manufacturer,USA
"Metglas, Inc.",Metglas,N,Manufacturer,USA
Cemanco LLC,Cemanco,N,Distributor,USA
_States Manufacturing Corp.,States Manufacturing,N,Manufacturer,USA
Jota Machinery Industrial,Jota Machinery Industrial,N,Manufacturer,China
SLY Electric Limited,SLY Electric,N,Manufacturer,China
Keyence Corp of America.,Keyence,N,Manufacturer,Japan
CBC Metals Processing,CBC Metals Processing,N,Service Provider,USA
"Imperium Data Networks, LLC",Imperium Data Networks,N,Distributor,USA
Comet Metals,Comet Metals,N,Distributor,USA
Legnano Teknoelectric Company,Legnano Teknoelectric,N,Manufacturer,Italy
TTP Technologies Pvt. Ltd.,TTP Technologies,N,Manufacturer,India
Willis Electrical Sales,Willis Electrical Sales,N,Distributor,USA
Douglas Electrical Inc,Douglas Electrical,N,Manufacturer,USA
Crosslink Technology Inc.,Crosslink Technology,N,Manufacturer,Canada
The H-J Family of Companies,H-J Family of Companies,N,Manufacturer,USA
Central Moloney Inc,Central Moloney,N,Manufacturer,USA
Ermco Components Inc.,ERMCO Components,N,Manufacturer,USA
Hubbell Power Systems,Hubbell Power Systems,N,Manufacturer,USA
AAA Fabrication LLC,AAA Fabrication,N,Manufacturer,USA
Alconex Specialty Products Inc,Alconex Specialty Products,N,Manufacturer,USA
VIAT America Inc.,VIAT America,N,Manufacturer,USA
ABB Installation Products Inc,ABB Installation Products,N,Manufacturer,USA
Grupo Arga Metals S de RL de CV,Grupo Arga Metals,N,Distributor,Mexico
Hi-Tech Radiators,Hi-Tech Radiators,N,Manufacturer,India
Engage Industrial,Engage Industrial,N,Service Provider,USA
Trantech Radiator Products Inc,Trantech Radiator Products,N,Manufacturer,USA
Essex Brownell Inc,Essex Brownell,N,Distributor,USA
Three D Metals Inc.,Three D Metals,N,Distributor,USA
Quality Switch Inc.,Quality Switch,N,Manufacturer,USA
Graybar,Graybar,N,Distributor,USA
Nichifu America Inc.,Nichifu America,N,Manufacturer,USA
Carlton Industrial Mfg LLC,Carlton Industrial Mfg,N,Manufacturer,USA
Cooper Power Systems LLC,Cooper Power Systems,N,Manufacturer,USA
KLOECKNER METALS SERVICE CENTER,Kloeckner Metals,N,Distributor,USA
Weidmann Electrical Technology,Weidmann Electrical Technology,N,Manufacturer,Switzerland
Knight Integration LLC,Knight Integration,N,Service Provider,USA
Crohm LLC,Crohm,N,Manufacturer,USA
Warco Inc.,Warco,N,Manufacturer,USA
PCP Aluminium,PCP Aluminium,N,Manufacturer,Canada
Qualitrol Company LLC,Qualitrol,N,Manufacturer,USA
Conner Industries Inc.,Conner Industries,N,Manufacturer,USA
Hitachi Energy USA Inc,Hitachi Energy,N,Manufacturer,USA
Furison Electric Co. Ltd,Furison Electric,N,Manufacturer,China
Dealers Electrical Supply,Dealers Electrical Supply,N,Distributor,USA
Fast-Spec Inc,Fast-Spec,N,Distributor,USA
Krenz & Company Inc.,Krenz & Company,N,Manufacturer,USA
Tulstar Products Inc,Tulstar Products,N,Distributor,USA
Sierra Pacific Engineering & P,Sierra Pacific Engineering & Products,N,Manufacturer,USA
Nelson Stud Welding Inc.,Nelson Stud Welding,N,Manufacturer,USA
Credit Card Purchases,Credit Card Purchases,N,Service Provider,Unknown
Art Advertising Inc.,Art Advertising,N,Service Provider,USA
Thyssenkrupp Materials NA,Thyssenkrupp Materials NA,N,Distributor,USA
Blaylock Gasket & Packing,Blaylock Gasket & Packing,N,Manufacturer,USA
Heartland Solutions Inc,Heartland Solutions,N,Service Provider,USA
Hosum Electric Co,Hosum Electric,N,Manufacturer,China
Steel and Pipe Supply,Steel and Pipe Supply,N,Distributor,USA
Aurora Technologies Inc,Aurora Technologies,N,Manufacturer,USA
Tasco #5,Tasco,N,Distributor,USA
Austin Hardware & Supply,Austin Hardware & Supply,N,Distributor,USA
Grainger,Grainger,N,Distributor,USA
Vol Power Sales,Vol Power Sales,N,Distributor,USA
Schaefers Electrical Enclosure,Schaefer's Electrical Enclosures,N,Manufacturer,USA
Richards Mfg Co,Richards Manufacturing,N,Manufacturer,USA
Meramec Instrument Transformer,Meramec Instrument Transformer,N,Manufacturer,USA
Zhejian Anhuang Imp & Exp Co L,Zhejiang Anhuang,N,Manufacturer,China
Gemini Inc.,Gemini,N,Manufacturer,USA
W.M.F. INC.,W.M.F.,N,Manufacturer,USA
T & G Chemical & Supply,T & G Chemical & Supply,N,Distributor,USA
KoneCranes Inc.,Konecranes,N,Manufacturer,Finland
McMaster-Carr,McMaster-Carr,N,Distributor,USA
Darr Equipment Co.,Darr Equipment,N,Distributor,USA
Davis Steel Services,Davis Steel Services,N,Service Provider,USA
Richards Supply Company,Richards Supply,N,Distributor,USA
Department of Homeland Security,Department of Homeland Security,N,Service Provider,USA
Clemtex,Clemtex,N,Distributor,USA
TMD,TMD,N,Distributor,USA
Keith's Ace Hardware,Keith's Ace Hardware,N,Distributor,USA
180 Custom Manufacturing LLC,180 Custom Manufacturing,N,Manufacturer,USA
Global Equipment Company Inc.,Global Industrial,N,Distributor,USA
Beacon Equipment,Beacon Equipment,N,Distributor,USA
Lonestar Forklift,Lonestar Forklift,N,Distributor,USA
Dupuy Oxygen,Dupuy Oxygen,N,Distributor,USA
Best Graphics Inc,Best Graphics,N,Distributor,USA
WorkWise LLC,WorkWise,N,Service Provider,USA
Kittner Pate Design Associates,Kittner Pate Design Associates,N,Service Provider,USA
Butler & Land Technolgies LLC,Butler & Land Technologies,N,Distributor,USA
Hydrocarbon Filtration,Hydrocarbon Filtration,N,Manufacturer,USA
Division of Employment Security,Division of Employment Security,N,Service Provider,USA
Megger Systems & Services Inc,Megger,N,Manufacturer,USA
Southwest Electric Co.,Southwest Electric,N,Service Provider,USA
Impact Fire Services,Impact Fire Services,N,Service Provider,USA
Powertech Labs Inc.,Powertech Labs,N,Service Provider,Canada
Infra-Red Building and Power Service,Infra-Red Building and Power Service,N,Service Provider,USA
United Power Services Inc,United Power Services,N,Service Provider,USA
Collection Services Center,Collection Services Center,N,Service Provider,USA
Benko Products Inc,Benko Products,N,Manufacturer,USA
Lift Truck Supply,Lift Truck Supply,N,Distributor,USA
Project Integration Inc,Project Integration,N,Service Provider,USA
US Industrial Machinery,US Industrial Machinery,N,Manufacturer,USA
Megger,Megger,N,Manufacturer,USA
H. B. Blake Company Inc,H. B. Blake Company,N,Distributor,USA
HCS Inc,HCS,N,Service Provider,USA
Restaurant Equipment Service,Restaurant Equipment Service,N,Service Provider,USA
Garage Force,Garage Force,N,Service Provider,USA
Electrical Testing Services In,Electrical Testing Services,N,Service Provider,USA
Overhead Door Supply,Overhead Door Supply,N,Distributor,USA
Southwestern Controls,Southwestern Controls,N,Distributor,USA
ULine,Uline,N,Distributor,USA
Hose Tech USA,Hose Tech USA,N,Manufacturer,USA
F. N. Cuthbert Inc,F. N. Cuthbert,N,Distributor,USA
A-1 Striping & Pavement,A-1 Striping & Pavement,N,Service Provider,USA
Mobile Modular,Mobile Modular,N,Service Provider,USA
Abrasive Warehouse,Abrasive Warehouse,N,Distributor,USA
Nova Alloys,Nova Alloys,N,Distributor,USA
Elliott Electric Supply,Elliott Electric Supply,N,Distributor,USA
Motion Industries,Motion Industries,N,Distributor,USA
Spray Equipment & Service,Spray Equipment & Service,N,Service Provider,USA
Loop 340 Overhead Door,Loop 340 Overhead Door,N,Service Provider,USA
Heart of Texas Network Consultants,Heart of Texas Network Consultants,N,Service Provider,USA
Safety-Kleen Systems Inc.,Safety-Kleen Systems,N,Service Provider,USA
TyTex Trucking LLC,TyTex Trucking,N,Service Provider,USA
4Imprint Inc,4Imprint,N,Distributor,USA
Skyline Displays Intermediate,Skyline Displays,N,Manufacturer,USA
TEST - Fuller Corp,Fuller,N,Manufacturer,USA
3MD Power Services,3MD Power Services,N,Service Provider,USA
RMS Energy LLC,RMS Energy,N,Service Provider,USA
RBDR PLLC,RBDR,N,Service Provider,USA
Martin Tool and Supply,Martin Tool and Supply,N,Distributor,USA
MIDVALE INDUSTRIES,Midvale Industries,N,Distributor,USA
B & B Machine & Tool,B & B Machine & Tool,N,Manufacturer,USA
B5 Industrial Group LLC,B5 Industrial Group,N,Service Provider,USA
Billmark Plating Company,Billmark Plating,N,Service Provider,USA
ABS Americas,ABS Americas,N,Service Provider,USA
Christian Concrete LLC,Christian Concrete,N,Service Provider,USA
Bain Paper & Janitorial Supply,Bain Paper & Janitorial Supply,N,Distributor,USA
TRS-RenTelco,TRS-RenTelco,N,Service Provider,USA
A & S Office Solutions LP,A & S Office Solutions,N,Distributor,USA
Solutions Dynamics Inc,Solutions Dynamics,N,Distributor,USA
Sunbelt Rentals Inc.,Sunbelt Rentals,N,Service Provider,USA
Yazoo Mills Inc,Yazoo Mills,N,Manufacturer,USA
Fast Signs,FASTSIGNS,N,Manufacturer,USA
EIS Inc.,EIS,N,Distributor,USA
Fastenal Company,Fastenal,N,Distributor,USA
UFP Grandview LLC,UFP Grandview,N,Manufacturer,USA
TRANSFORMADORES Y COMPONENTES SA DE CV,Transformadores y Componentes,N,Manufacturer,Mexico
Built-Wright Contruction LLC,Built-Wright Construction,N,Service Provider,USA
Curbell Plastics Inc,Curbell Plastics,N,Distributor,USA
Precision Products Group Inc.,Precision Products Group,N,Manufacturer,USA
Farmers Copper Ltd.,Farmers Copper,N,Distributor,USA
Pro-Tect Plastic & Supply Inc,Pro-Tect Plastic & Supply,N,Distributor,USA
Registration Electric Supply I,Registration Electric Supply,N,Distributor,USA
"Orthman Conveying Systems, LLC",Orthman Conveying Systems,N,Manufacturer,USA
Ace Commercial Fence Inc,Ace Commercial Fence,N,Service Provider,USA
Rosenthal Manufacturing Co Inc,Rosenthal Manufacturing,N,Manufacturer,USA
Texas Tape & Label,Texas Tape & Label,N,Manufacturer,USA
Specialty Transformer Componen,Specialty Transformer Components,N,Manufacturer,USA
Graybar Leasing,Graybar,N,Distributor,USA
Aldinger Company,Aldinger,N,Service Provider,USA
Exel International Group Inc,Exel International Group,N,Manufacturer,USA
Watteredge LLC,Watteredge,N,Manufacturer,USA
Cargill Incorporated,Cargill,N,Manufacturer,USA
Mapes Holdings LLC DBA Cortran LLC,Cortran,N,Manufacturer,USA
The Reynolds Co - Waco,The Reynolds Co,N,Distributor,USA
Yokogawa Corp of America,Yokogawa,N,Manufacturer,USA
Spiral Paper Tube & Core,Spiral Paper Tube & Core,N,Manufacturer,USA
HV Technologies,HV Technologies,N,Distributor,USA
RADTRANS S.A. DE.C.V.,Radtrans,N,Service Provider,Mexico
Normandy Machine Co Inc.,Normandy Machine,N,Manufacturer,USA
IFD Technologies Inc,IFD Technologies,N,Manufacturer,Canada
Century Saw & Tool,Century Saw & Tool,N,Manufacturer,USA
Motor Controls Inc,Motor Controls,N,Manufacturer,USA
Canduct Industries Inc,Canduct Industries,N,Manufacturer,Canada
Resa Service LLC,RESA Power,N,Service Provider,USA
Prolec-GE Waukesha Inc,Prolec-GE Waukesha,N,Manufacturer,USA
IRISS Inc,IRISS,N,Manufacturer,USA
Gate 7 LLC,Gate 7,N,Manufacturer,USA
Craig Wire Products LLC,Craig Wire Products,N,Manufacturer,USA
IBS of Brazos Valley,IBS of Brazos Valley,N,Distributor,USA
Transformer Gaskets&Components,Transformer Gaskets & Components,N,Manufacturer,USA
Morton Industries LLC,Morton Industries,N,Manufacturer,USA
Maschinenfabrik Reinhausen GmbH,Maschinenfabrik Reinhausen,N,Manufacturer,Germany
JMS Southeast Inc.,JMS Southeast,N,Manufacturer,USA
Flex-Core,Flex-Core,N,Manufacturer,USA
Send Cut Send Inc,SendCutSend,N,Service Provider,USA
G & W Electric Company,G & W Electric,N,Manufacturer,USA
Underwriters Laboratories,UL Solutions,N,Service Provider,USA
Boss Laser LLC,Boss Laser,N,Manufacturer,USA
Preen Power Inc.,Preen Power,N,Manufacturer,Taiwan
Centroplex Service Company,Centroplex Service Company,N,Service Provider,USA
Intellirent Co. Ltd.,Intellirent,N,Distributor,USA
Raytech USA Inc,Raytech USA,N,Manufacturer,USA
Engraving Concepts LP,Engraving Concepts,N,Service Provider,USA
Tempel Canada Company,Tempel Canada,N,Manufacturer,Canada
Knight Enterprises,Knight Enterprises,N,Service Provider,USA
Arm Camco,Arm Camco,N,Manufacturer,USA
Southern Power Sytems Inc,Southern Power Systems,N,Service Provider,USA
_MGM Transformer,MGM Transformer,N,Manufacturer,USA
Jam Tools LLC,Jam Tools,N,Distributor,USA
"Border States Industries, Inc.",Border States,N,Distributor,USA
Schweitzer Engineering Laborat,SEL,N,Manufacturer,USA
Rea Magnet Wire Co. Inc,Rea Magnet Wire,N,Manufacturer,USA
High Voltage Solutions,High Voltage Solutions,N,Service Provider,USA
Waco Glass & Mirror Inc.,Waco Glass & Mirror,N,Service Provider,USA
The Cubbison Company,Cubbison,N,Manufacturer,USA
"American Wire Group, LLC",American Wire Group,N,Manufacturer,USA
Kirk Key Interlock Company LLC,Kirk Key Interlock,N,Manufacturer,USA
Monroe,Monroe,N,Manufacturer,USA
GE Energy Management Services LLC,GE Energy Management Services,N,Service Provider,USA
SEI-Integration,SEI-Integration,N,Service Provider,USA
TC Metal Co,TC Metal,N,Distributor,USA
Element Materials Technology Canada Inc,Element Materials Technology,N,Service Provider,Canada
C2 Industrial,C2 Industrial,N,Distributor,USA
Sunbelt Solomon Services LLC,Sunbelt Solomon,N,Service Provider,USA
Baron USA LLC,Baron USA,N,Manufacturer,USA
Maverick Metals LLC,Maverick Metals,N,Distributor,USA
West Virginia Electric Supply Company,West Virginia Electric Supply,N,Distributor,USA
Techline Inc,Techline,N,Distributor,USA
Cornerstone Plumbing,Cornerstone Plumbing,N,Service Provider,USA
Guideyoung Trading CO,Guideyoung Trading,N,Distributor,China
MD Wire LLC,MD Wire,N,Manufacturer,USA
IOG Products LLC,IOG Products,N,Manufacturer,USA
Alsip Electrical Construction,Alsip Electrical Construction,N,Service Provider,USA
Saginaw Control & Engineering,Saginaw Control & Engineering,N,Manufacturer,USA
MLC CAD Systems,MLC CAD Systems,N,Service Provider,USA
Carolina Narrow Fabric Company,Carolina Narrow Fabric,N,Manufacturer,USA
ABC Metals Group LLC,ABC Metals Group,N,Distributor,USA
Action Specialties LLC,Action Specialties,N,Distributor,USA
Factory Mutual Insurance Company DBA FM Approvals LLC,FM Approvals,N,Service Provider,USA
Pennzoil-Quaker State Company,Pennzoil-Quaker State,N,Manufacturer,USA
Peak Demand Inc,Peak Demand,N,Manufacturer,USA
SIEMENS CANADA Limited,Siemens,N,Manufacturer,Canada
ABC Insulation Supply Company LLC,ABC Insulation Supply,N,Distributor,USA
Messerstrom Inc.,Messerstrom,N,Manufacturer,USA
Elprom Heavy Industries Co,Elprom Heavy Industries,N,Manufacturer,Bulgaria
Uticom Systems Inc,Uticom Systems,N,Manufacturer,USA
J. J. Keller & Associates Inc,J. J. Keller & Associates,N,Service Provider,USA
"Tengco, Inc.",Tengco,N,Manufacturer,USA
Cates Control Systems Inc,Cates Control Systems,N,Service Provider,USA
Elcometer Inc,Elcometer,N,Manufacturer,USA
The Gund Company Inc,The Gund Company,N,Manufacturer,USA
NMCB INC,NMCB,N,Manufacturer,USA
United Aluminum Corporation,United Aluminum,N,Manufacturer,USA
Alpha Materials Handling Inc,Alpha Materials Handling,N,Distributor,USA
E+E Elektronik Corporation,E+E Elektronik,N,Manufacturer,Austria
W.E. Electric,W.E. Electric,N,Service Provider,USA
Orion Italia S.R.L,Orion Italia,N,Manufacturer,Italy
Automation Systems&Diagnostics,Automation Systems & Diagnostics,N,Service Provider,USA
Magnatag Inc,Magnatag,N,Manufacturer,USA
Cintas Corporation # 637,Cintas,N,Service Provider,USA
Xiamen GBS Adhesive Tape Co. LTD,Xiamen GBS Adhesive Tape,N,Manufacturer,China
Southland Industries,Southland Industries,N,Service Provider,USA
Mechanical Sheet Metal Inc,Mechanical Sheet Metal,N,Manufacturer,USA
Southwest International Trucks,Southwest International Trucks,N,Distributor,USA
"Air Cleaning Specialists, Inc",Air Cleaning Specialists,N,Service Provider,USA
Fiber Network Technologies,Fiber Network Technologies,N,Service Provider,USA
SLA Concrete Works LLC,SLA Concrete Works,N,Service Provider,USA
"SWS Precision Warehouse Design, LLC",SWS Precision Warehouse Design,N,Service Provider,USA
Ceroni Piping Company,Ceroni Piping,N,Service Provider,USA
TDM  Radiadores Do Brasil LTDA,TDM Radiadores Do Brasil,N,Manufacturer,Brazil
AS Beam Electric Limited,AS Beam Electric,N,Service Provider,USA
Advanced Compressed Air Solutions LLC,Advanced Compressed Air Solutions,N,Service Provider,USA
"Atlantic Sun Control, Inc.",Atlantic Sun Control,N,Service Provider,USA
A&A TRANSFER,A&A Transfer,N,Service Provider,USA
DZKICORP INC. / Dozuki,Dozuki,N,Service Provider,USA
Meramec Instrument Transformer Company,Meramec Instrument Transformer,N,Manufacturer,USA
Intertek Testing Services N.A. INC,Intertek Testing Services,N,Service Provider,United Kingdom
SATEC,SATEC,N,Manufacturer,Israel
"Advanced Consulting Engineers, P.A.",Advanced Consulting Engineers,N,Service Provider,USA
Allegis Corporation,Allegis,N,Distributor,USA
On Watch LLC,On Watch,N,Service Provider,USA
Gumpher Inc.,Gumpher,N,Service Provider,USA
Power Conditioning Computer Services Inc,Power Conditioning Computer Services,N,Service Provider,USA
"Safe Air Technologies Intermediate, LLC",Safe Air Technologies,N,Manufacturer,USA
JANITZA NORTH AMERICA LP,Janitza North America,N,Manufacturer,USA
James Hannan DBA Riva Controls LLC,Riva Controls,N,Service Provider,USA
Gordon Electric Supply,Gordon Electric Supply,N,Distributor,USA
"RADOTICH, INC",Radotich,N,Service Provider,USA
"Melrose Mac, Inc.",Melrose Mac,N,Distributor,USA
Evergreenacres Landscaping,Evergreenacres Landscaping,N,Service Provider,USA
"Simplex, Inc. - Duplicate DO NOT USE",Simplex,N,Manufacturer,USA
"CPG BEYOND, INC.",CPG Beyond,N,Service Provider,USA
Inductive Automation,Inductive Automation,N,Manufacturer,USA
Mobile Bay Power Systems LLC,Mobile Bay Power Systems,N,Distributor,USA
"Load Technology, Inc.",Load Technology,N,Manufacturer,USA
"Jk Moving & Storage, Inc",JK Moving & Storage,N,Service Provider,USA
360 Rigging,360 Rigging,N,Service Provider,USA
"RESA Service, LLC",RESA Service,N,Service Provider,USA
"Benchmark Digital Partners, LLC",Benchmark Digital Partners,N,Service Provider,USA
Algood Casters,Algood Casters,N,Manufacturer,Canada
"Technical Tool Products, Inc.",Technical Tool Products,N,Distributor,USA
Element Materials Technology Chicago LLC,Element Materials Technology,N,Service Provider,United Kingdom
Shohola Holdings LLC,Shohola Holdings,N,Service Provider,USA
East West Glass LLC,East West Glass,N,Manufacturer,USA
Knott Mechanical LLC,Knott Mechanical,N,Service Provider,USA
Gema USA Inc,Gema USA,N,Manufacturer,Switzerland
Turning Point Corporation,Turning Point,N,Service Provider,USA
SupplyHouse.com,SupplyHouse,N,Distributor,USA
Samsco Corporation,Samsco,N,Manufacturer,USA
"Metplas, Inc.",Metplas,N,Manufacturer,USA
"William B. Meyer, Inc.",William B. Meyer,N,Service Provider,USA
Global Industrial,Global Industrial,N,Distributor,USA
"Advanced Guaranteed Industrial Services, LLC",Advanced Guaranteed Industrial Services,N,Service Provider,USA
GRAINGER INC,Grainger,N,Distributor,USA
SURE POWER INC,Sure Power,N,Service Provider,USA
"Sieyuan Electric USA,LLC",Sieyuan Electric,N,Manufacturer,China
"WYOMING MACHINE, INC",Wyoming Machine,N,Manufacturer,USA
OLYMPIC CONTROLS CORP,Olympic Controls,N,Manufacturer,USA
CHANGEPOND TECHNOLOGIES PRIVATE LIMITED,Changepond Technologies,N,Service Provider,India
A-RENT TEST EQUIPMENT LLC,A-Rent Test Equipment,N,Service Provider,USA
Precision Sawing,Precision Sawing,N,Service Provider,USA
COMAP LLC,ComAp,N,Manufacturer,Czech Republic
AUSTIN HARDWARE & SUPPLY INC,Austin Hardware & Supply,N,Distributor,USA
"Air Hygiene International, Inc.",Air Hygiene International,N,Service Provider,USA
TOTAL FUEL & TANK MANAGEMENT LLC,Total Fuel & Tank Management,N,Service Provider,USA
Instrata Technologies LLC,Instrata Technologies,N,Manufacturer,USA
"MV Supply, LLC",MV Supply,N,Distributor,USA
Sine Wave Technologies,Sine Wave Technologies,N,Manufacturer,USA
Stephen Gould Corporation,Stephen Gould,N,Service Provider,USA
PrestiVac USA Inc.,PrestiVac,N,Manufacturer,USA
iLobby Corp,iLobby,N,Service Provider,Canada
"Washington Workplace, Inc.",Washington Workplace,N,Distributor,USA
Carter Electric Inc,Carter Electric,N,Service Provider,USA
Penske,Penske,N,Service Provider,USA
OMNIMETRIX,OmniMetrix,N,Manufacturer,USA
Krugs Home Improvements LLC,Krugs Home Improvements,N,Service Provider,USA
"MDI of Texas, Inc",MDI of Texas,N,Manufacturer,USA
"GE Grid Solutions, LLC",GE Grid Solutions,N,Manufacturer,USA
"PEAKER SERVICES, INC. (PSI)",Peaker Services,N,Service Provider,USA
AMRAN LLC,Amran,N,Manufacturer,USA
"ZORO TOOLS, INC.",Zoro,N,Distributor,USA
"HAMMOND POWER SOLUTIONS, INC.",Hammond Power Solutions,N,Manufacturer,Canada
Total Plastics International,Total Plastics International,N,Distributor,USA
Sieyuan Electric USA LLC,Sieyuan Electric,N,Manufacturer,China
Encompass Engineers and Architects,Encompass Engineers & Architects,N,Service Provider,USA
Springfield Electric Supply Company LLC dba ECHO,Springfield Electric Supply,N,Distributor,USA
Gund Company,The Gund Company,N,Manufacturer,USA
"TECHNICAL TOOL PRODUCTS, INC",Technical Tool Products,N,Distributor,USA
DC Decom,DC Decom,N,Service Provider,USA
Hammond Power Solutions,Hammond Power Solutions,N,Manufacturer,Canada
Performance Electrostatic Inc,Performance Electrostatic,N,Manufacturer,USA
Pulsar Global Corp,Pulsar Global,N,Distributor,USA
DeFelsko Corporation,DeFelsko,N,Manufacturer,USA
Nestl,Nestle,N,Manufacturer,Switzerland
TEMPCO MANUFACTURING COMPANY,Tempco Manufacturing,N,Manufacturer,USA
VIVERSOFT INC,Viversoft,N,Service Provider,USA
"SUNBELT RENTALS, INC",Sunbelt Rentals,N,Service Provider,USA
_ALLIED TRADING INC/dba PWRQ,Power Quality,N,Distributor,USA
ECHO ENGINEERING AND PRODUCTION SUPPLIES INC,Echo Engineering & Production Supplies,N,Manufacturer,USA
GW Mechanical,GW Mechanical,N,Service Provider,USA
Credit Key,Credit Key,N,Service Provider,USA
EIS inc,EIS,N,Distributor,USA
"Recore Electrical Contractors, Inc.",Recore Electrical Contractors,N,Service Provider,USA
"Chesapeake Distributing Co., Inc.",Chesapeake Distributing,N,Distributor,USA
BORDER STATES - MPL,Border States,N,Distributor,USA
_MGM TRANSFORMER COMPANY,MGM Transformer,Intercompany,Manufacturer,USA
ACCUENERGY (CANADA) INC,Accuenergy,N,Manufacturer,Canada
_VANTRAN TRANSFORMERS,Vantran Transformers,N,Manufacturer,USA
_BRETCO INC,Bretco,N,Manufacturer,USA
_ARES ENERGY LP / PWRQ SYSTEMS,Ares Energy / PWRQ Systems,N,Service Provider,USA
1000BULBS,1000Bulbs,N,Distributor,USA
5 GENERATIONS LLC,5 Generations,N,Service Provider,USA
505 KEY SYSTEMS INC,505 Key Systems,N,Manufacturer,USA
511 LIGHTING MAINTENANCE INC,511 Lighting Maintenance,N,Service Provider,USA
551 PRIMARY ENTERPRISES LLC,551 Primary Enterprises,N,Service Provider,USA
80/20 LLC,80/20,N,Manufacturer,USA
A & J ELECTRIC COMPANY INC,A & J Electric Company,N,Service Provider,USA
"A M & T Group, Inc.",A M & T Group,N,Service Provider,USA
348 A&J ELECTRIC,A&J Electric,N,Service Provider,USA
AAA ELECTRICAL EQUIPMENT,AAA Electrical Equipment,N,Distributor,USA
AAA GALVANIZING - WINSTED INC,AAA Galvanizing - Winsted,N,Service Provider,USA
AACRON ANODIZING,Aacron Anodizing,N,Service Provider,USA
350 AAKER ELECTRIC SUPPLY,Aaker Electric Supply,N,Distributor,USA
AARON BUTCHER,Aaron Butcher,N,Individual,USA
Aaron Pufahl,Aaron Pufahl,N,Individual,USA
613 AAROW ELECTRICAL SOLUTIONS,Aarow Electrical Solutions,N,Service Provider,USA
ABB Empower,ABB,N,Manufacturer,Switzerland
ABB INC,ABB,N,Manufacturer,USA
ABB INC.,ABB,N,Manufacturer,USA
"ABB: INDUSTRIAL CONNECTIONS & SOLUTIONS, LLC",ABB,N,Manufacturer,USA
ABB INDUSTRIAL CONNECTIONS AND SOLUTIONS,ABB,N,Manufacturer,USA
614 ABLE ELECTRICAL SERVICES,Able Electrical Services,N,Service Provider,USA
ABSOLUTE LANDSCAPE & TURF SERVICES,Absolute Landscape & Turf Services,N,Service Provider,USA
686 ABSOLUTE SYSTEMS ENGINEERING,Absolute Systems Engineering,N,Service Provider,USA
AC & DC POWER TECHNOLOGIES LLC,AC & DC Power Technologies,N,Service Provider,USA
AC DC WIRE AND SUPPLY,AC DC Wire and Supply,N,Distributor,USA
352 AC POWER INC,AC Power,N,Service Provider,USA
ACC BREAKERS,ACC Breakers,N,Distributor,USA
"Accord Technologies, Inc.",Accord Technologies,N,Service Provider,USA
Accretion Power LLC,Accretion Power,N,Service Provider,USA
ACCUENERGY,Accuenergy,N,Manufacturer,Canada
ACCU-TECH Corporation,Accu-Tech,N,Distributor,USA
ACE BREAKERS CONTROLS,Ace Breakers Controls,N,Distributor,USA
ACIST ELECTRIC,Acist Electric,N,Service Provider,USA
ADAMS INTERNATIONAL LLC USA,Adams International LLC USA,N,Distributor,USA
ADOBE,Adobe,N,Service Provider,USA
AD-TECH CCI INC,Ad-Tech CCI,N,Distributor,USA
ADVANCE AUTO PARTS,Advance Auto Parts,N,Distributor,USA
"Advance Scale Company, Inc.",Advance Scale Company,N,Service Provider,USA
ADVANCED ELECTRICAL AND MOTOR CONTROLS,Advanced Electrical and Motor Controls,N,Manufacturer,USA
354 ADVANCED ELECTRICAL SERVICES,Advanced Electrical Services,N,Service Provider,USA
ADVANCED THERMAL SOLUTIONS,Advanced Thermal Solutions,N,Manufacturer,USA
RUTH RIDLEY/ADVANCEMENT INTERNATIONAL LTD,Advancement International,N,Distributor,USA
Advancement International,Advancement International,N,Distributor,USA
Advancement International LTD,Advancement International,N,Distributor,USA
ADVANTECH CORPORATION,Advantech,N,Manufacturer,Taiwan
ADVENT INDUSTRIAL TECHNOLOGIES,Advent Industrial Technologies,N,Distributor,USA
AEMC INSTRUMENTS,AEMC Instruments,N,Manufacturer,USA
Aero Drapery and Blind,Aero Drapery and Blind,N,Service Provider,USA
AeroJet LLC,AeroJet,N,Manufacturer,USA
AFP Transformers Corporation,AFP Transformers,N,Manufacturer,USA
AFT FASTENERS,AFT Fasteners,N,Distributor,USA
"Aggreko Holdings, Inc.",Aggreko Holdings,N,Service Provider,UK
Air Cleaning Specialist Inc.,Air Cleaning Specialist,N,Service Provider,USA
Air Cleaning Specialists,Air Cleaning Specialists,N,Service Provider,USA
"Air Filters, Inc",Air Filters,N,Manufacturer,USA
Air Power Inc.,Air Power,N,Distributor,USA
AIRECO SUPPLY,Aireco Supply,N,Distributor,USA
AIRGAS USA,Airgas,N,Distributor,USA
AK MATERIAL HANDLING SYSTEMS INC,AK Material Handling Systems,N,Service Provider,USA
"AKRON ELECTRIC, INC",Akron Electric,N,Manufacturer,USA
359 ALASON ELECTRICAL CONTRACTORS,Alason Electrical Contractors,N,Service Provider,USA
657 ALAZZAZ TRADING & CONTRACTING CO,Alazzaz Trading & Contracting Co,N,Service Provider,Saudi Arabia
ALBANY INDUSTRIAL SUPPLY,Albany Industrial Supply,N,Distributor,USA
"Alert Media, Inc.",AlertMedia,N,Service Provider,USA
ALERUS FINANCIAL,Alerus Financial,N,Service Provider,USA
ALEX CABEZA,Alex Cabeza,N,Individual,Unknown
AL-JALAL TRADING EST,Al-Jalal Trading Est,N,Distributor,Saudi Arabia
361 ALL AMERICAN MECHANICAL SERVICES,All American Mechanical Services,N,Service Provider,USA
ALL CURRENT ELECTRICAL SALES,All Current Electrical Sales,N,Distributor,USA
ALL ELECTRIC NEEDS,All Electric Needs,N,Distributor,USA
811 ALL IN ELECTRIC INC,All In Electric,N,Service Provider,USA
ALL INTEGRATED SOLUTIONS,All Integrated Solutions,N,Distributor,USA
ALL SECURITY ELECTRONICS,All Security Electronics,N,Distributor,USA
ALLFUSES.COM,Allfuses,N,Distributor,USA
IC-Allied Power and Control,Allied Power and Control,Intercompany,Service Provider,USA
ALLIED TRADING INC/dba PWRQ,Allied Trading,N,Manufacturer,USA
ALLIED WIRE AND CABLE INC,Allied Wire and Cable,N,Distributor,USA
"1219 ALPHACRAFT TECHNOLOGIES, LLC",Alphacraft Technologies,N,Manufacturer,USA
"Alta Packaging, Inc.",Alta Packaging,N,Manufacturer,USA
ALTERNATIVE PARTS INC,Alternative Parts,N,Distributor,USA
"363 ALTIMATE ELECTRIC, INC.",Altimate Electric,N,Service Provider,USA
ALTINKAYA,Altinkaya Enclosure Systems,N,Manufacturer,Turkey
AMADA AMERICA INC,Amada America,N,Manufacturer,Japan
AMADA AMERICA,Amada America,N,Manufacturer,USA
Amado Renan,Amado Renan,N,Individual,Unknown
AMAZON,Amazon,N,Distributor,USA
"954 AMBER ENTERPRISES, INC",Amber Enterprises,N,Manufacturer,India
AMCRAFT MANUFACTURING INC,Amcraft Manufacturing,N,Manufacturer,USA
AMERICAN AED,American AED,N,Distributor,USA
AAF: AMERICAN AIR FILTER INTERNATIONAL,American Air Filter International,N,Manufacturer,USA
American Belleville,American Belleville,N,Manufacturer,USA
AMERICAN BREAKERS,American Breakers,N,Distributor,USA
AMERICAN FALCON INTERNATION,American Falcon International,N,Distributor,USA
778 AMERICAN FALCON INTERNATIONAL INC,American Falcon International,N,Distributor,USA
American Floor Mats,American Floor Mats,N,Distributor,USA
APC INTERNAL,American Power Conversion,N,Manufacturer,USA
APC SERVICE ITEM INBOUND,American Power Conversion,N,Manufacturer,USA
AMERICAN PRESSURE INC,American Pressure,N,Distributor,USA
AMERICAN WEST SURPLUS,American West Surplus,N,Distributor,USA
Amerisan LLC,Amerisan,N,Distributor,USA
Amphenol Industrial Operation,Amphenol Industrial Operations,N,Manufacturer,USA
AMRAN INC,Amran,N,Manufacturer,USA
ANCHOR DISTRIBUTION & CONTROL,Anchor Distribution & Control,N,Distributor,USA
ANDREW DAVIS,Andrew Davis,N,Individual,Unknown
ANIXTER INC,Anixter,N,Distributor,USA
ANIXTER,Anixter,N,Distributor,USA
ANTONIO APARECI,Antonio Apareci,N,Individual,Brazil
ANTONIO APARECI DO NASCIMENTO,Antonio Apareci Do Nascimento,N,Individual,Brazil
ANY BREAKERS  INC,Any Breakers,N,Distributor,USA
APC MANUFACTURING LABS,APC Manufacturing LABS,N,Manufacturer,USA
EMERSON / EGS % APPLETON GROUP LLC,Appleton Group,N,Manufacturer,USA
APPLIED CONTROLS,Applied Controls,N,Distributor,USA
APPLIED POWER GROUP LLC,Applied Power Group,N,Service Provider,USA
APPLIED SOFTWARE TECHNOLOGY LLC,Applied Software Technology,N,Service Provider,USA
APS CONTROL,APS Control,N,Manufacturer,USA
747 AQESA | ALI ZAID AL QURAISHI & PARTNERS,Aqesa & Partners,N,Service Provider,Saudi Arabia
ARBON EQUIPMENT CORPORATION,Arbon Equipment,N,Service Provider,USA
ARCA SUPPLY,Arca Supply,N,Distributor,USA
ARCHITECTURAL BUILDERS SUPPLY,Architectural Builders Supply,N,Distributor,USA
ARCK ELECTRIC SUPPLY - FL,ARCK Electric Supply - FL,N,Distributor,USA
ARES ENERGY LP / PWRQ SYSTEMS,Ares Energy / Pwrq Systems,Intercompany,Service Provider,USA
800 ARES ENERGY,Ares Energy / Pwrq Systems,Intercompany,Service Provider,USA
IC-Ares Energy,Ares Energy / Pwrq Systems,Intercompany,Service Provider,USA
ARGO TURBOSERVE CORPORATION,Argo Turboserve,N,Distributor,USA
ARGON MASKING CORP,Argon Masking,N,Manufacturer,USA
373 ARICA CONSULTING & CONTRACTING,Arica Consulting & Contracting,N,Service Provider,USA
ARIZONA BREAKER,Arizona Breaker,N,Distributor,USA
ARKANSAS ELECTRICAL OUTLET,Arkansas Electrical Outlet,N,Distributor,USA
"ARRK NORTH AMERICA, INC",ARRK North America,N,Service Provider,USA
ARROW.COM,Arrow Electronics,N,Distributor,USA
375 ARUNDEL ELECTRICAL CONTRACTORS,Arundel Electrical Contractors,N,Service Provider,USA
ASCHERL HORST,Ascherl Horst,N,Individual,Germany
ASCO POWER TECHNOLOGIES LP,ASCO Power Technologies,N,Manufacturer,USA
"ASCO Power Technologies, L.P.",ASCO Power Technologies,N,Manufacturer,USA
ASHTON CHRIST,Ashton Christ,N,Individual,USA
ASMC INDUSTRIAL,ASMC Industrial,N,Distributor,USA
Associated Finishing Inc,Associated Finishing,N,Service Provider,USA
Astute Engineering LLC,Astute Engineering,N,Service Provider,USA
"ATLANTIC LIFT TRUCK, INC",Atlantic Lift Truck,N,Service Provider,USA
380 ATLANTIC POWER & LIGHT CO,Atlantic Power & Light,N,Service Provider,USA
ATLAS ELECTRIC INC,Atlas Electric,N,Distributor,USA
AUCTO.COM,Aucto,N,Service Provider,USA
Audemus LLC,Audemus,N,Service Provider,USA
AURELIO SALVADOR,Aurelio Salvador,N,Individual,Unknown
"Aurora Technologies, Inc.",Aurora Technologies,N,Manufacturer,USA
AUSTIN MACIOK,Austin Maciok,N,Individual,USA
"AUSTIN SURPLUS INDUSTRIAL, INC",Austin Surplus Industrial,N,Distributor,USA
AUTODESK INC,Autodesk,N,Service Provider,USA
AUTODESK,Autodesk,N,Service Provider,USA
AUTOMATION RECOVERY,Automation Recovery,N,Distributor,USA
Automation Source,Automation Source,N,Distributor,USA
AUTOMATION DIRECT.COM INC,AutomationDirect,N,Distributor,USA
AUTOMATION DIRECT,AutomationDirect,N,Distributor,USA
Avery Labels,Avery Labels,N,Manufacturer,USA
Avetta,Avetta,N,Service Provider,USA
AVO MULTI AMP CORP,AVO Multi-Amp,N,Manufacturer,USA
AxisData Solutions,AxisData Solutions,N,Service Provider,USA
AXYZ USA INC,AXYZ USA,N,Manufacturer,USA
B & A Heavy Haul,B & A Heavy Haul,N,Service Provider,USA
B & D MACHINE INC,B & D Machine,N,Manufacturer,USA
B&H photo,B&H Photo,N,Distributor,USA
BAILEY & SHIPP,Bailey & Shipp Electric,N,Service Provider,USA
382 BAILEY & SHIPP ELECTRIC,Bailey & Shipp Electric,N,Service Provider,USA
Bakersgas.com,Baker's Gas & Welding Supplies,N,Distributor,USA
Baker's Gas & Welding Supplies,Baker's Gas & Welding Supplies,N,Distributor,USA
Bambu Lab,Bambu Lab Usa,N,Manufacturer,China
"Band Hi-Fi, LLC",Band Hi-Fi,N,Distributor,USA
BANYAN TREE VENTURES,Banyan Tree Ventures,N,Service Provider,USA
BARR ENGINEERING COMPANY,Barr Engineering,N,Service Provider,USA
BARTON MINES,Barton Mines,N,Manufacturer,USA
BASF / CHEMETALL,BASF / Chemetall,N,Manufacturer,Germany
BASIC SUPPLY,Basic Supply,N,Distributor,USA
BASLER ELECTRIC COMPANY,Basler Electric,N,Manufacturer,USA
BASLER ELECTRIC,Basler Electric,N,Manufacturer,USA
BATTERIES PLUS BULBS,Batteries Plus Bulbs,N,Distributor,USA
826 BAY DIESEL CORPORATION,Bay Diesel,N,Service Provider,USA
BAY POWER INC,Bay Power,N,Distributor,USA
387 BAY STATE ELECTRIC,Bay State Electric,N,Service Provider,USA
764 BC ELECTRIC,BC Electric,N,Service Provider,USA
BCS SWITCHGEAR,BCS Switchgear,N,Distributor,USA
BD ELECTRICAL,BD Electrical,N,Distributor,USA
388 BEAL INDUSTRIAL PRODUCTS,Beal Industrial Products,N,Distributor,USA
BEESLIGHTING,Bees Lighting,N,Distributor,USA
BEIENE GLOBAL PTE. LTD.,Beiene Global,N,Distributor,Singapore
BEMCO ELECTRICAL,Bemco Electrical,N,Distributor,United Kingdom
BENDER ELECTRONICS INC,Bender Electronics,N,Manufacturer,Germany
390 BENFIELD ELECTRIC CO,Benfield Electric,N,Distributor,USA
390:1 BENFIELD ELECTRIC CO : BENFIELD ELECTRIC CO - VIRGINIA,Benfield Electric,N,Distributor,USA
BERTHOLD ELECTRIC,Berthold Electric,N,Manufacturer,USA
716 BEST WAY ELECTRIC,Best Way Electric,N,Service Provider,USA
BEYOND COMPONENTS WEST INC,Beyond Components WEST,N,Distributor,USA
391 BGE HOME,BGE Home,N,Service Provider,USA
Big Ass Fans,Big Ass Fans,N,Manufacturer,USA
BIG BOY'S RIGGING LLC,Big Boy's Rigging,N,Service Provider,USA
BILL BRANDON,Bill Brandon,N,Individual,USA
BILL RITTER,Bill Ritter,N,Individual,USA
"812 BIRCKHEAD ELECTRIC, INC",Birckhead Electric,N,Service Provider,USA
Bisco Industries,Bisco Industries,N,Distributor,USA
BITRONICS LLC,Bitronics,N,Manufacturer,USA
BLACKHAWK SUPPLY,Blackhawk Supply,N,Distributor,USA
712 BLACKWATER ELECTRIC,Blackwater Electric,N,Service Provider,USA
1044 BLANKENSHIP ELECTRIC,Blankenship Electric,N,Service Provider,USA
BMORE KREATIVE CUSTOM COATINGS,Bmore Kreative Custom Coatings,N,Service Provider,USA
BOB STAMPER,Bob Stamper,N,Individual,USA
BOBBY GILES,Bobby Giles,N,Individual,USA
BOLTSWITCH INC,Boltswitch,N,Manufacturer,USA
684 BOMARK ELECTRIC,Bomark Electric,N,Service Provider,USA
394 BOPAT ELECTRIC CO INC,Bopat Electric,N,Service Provider,USA
BOPAT ELECTRIC CO INC,Bopat Electric,N,Service Provider,USA
BORDER STATES,Border States Electric Supply,N,Distributor,USA
BORDER STATES INDUSTRIES INC,Border States Electric Supply,N,Distributor,USA
BOSCHERT PRECISION MACHINERY INC,Boschert Precision Machinery,N,Manufacturer,USA
Boschert Precision Machinery,Boschert Precision Machinery,N,Manufacturer,USA
Boss Laser,Boss Laser,N,Manufacturer,USA
395 BOWIE STATE UNIVERSITY,Bowie State University,N,Service Provider,USA
Brady,Brady,N,Manufacturer,USA
BRAH ELECTRIC,Brah Electric,N,Manufacturer,USA
BRANDOR,Brandor,N,Manufacturer,USA
Brawner Builders,Brawner Builders,N,Service Provider,USA
BRAYDEN DAIGLE,Brayden Daigle,N,Individual,USA
BREAKER BROKER INC PA,Breaker Broker PA,N,Distributor,USA
BREAKER BROKER TX,Breaker Broker Tx,N,Distributor,USA
BREAKER HUNTERS  INC,Breaker Hunters,N,Distributor,USA
BREAKER KING,Breaker King,N,Distributor,USA
BREAKER OUTLET CIRCUIT BREAKERS,Breaker Outlet Circuit Breakers,N,Distributor,USA
BREAKERS & CONTROLS FLORIDA,Breakers & Controls Florida,N,Distributor,USA
633 BREAKERS UNLIMITED INC,Breakers Unlimited,N,Distributor,USA
BREDEMUS HARDWARE CO. INC.,Bredemus Hardware,N,Distributor,USA
"Brenden Stanton, Inc.",Brenden Stanton,N,Service Provider,USA
BRET GIULIANI,Bret Giuliani,N,Individual,USA
BRETCO INC / DBA PWRQ,Bretco,N,Manufacturer,USA
BRETCO INC,Bretco,N,Manufacturer,USA
"705 BRETCO, INC",Bretco,Intercompany,Manufacturer,USA
Brianne Mullen,Brianne Mullen,N,Individual,USA
Brimar Industries,Brimar Industries,N,Manufacturer,USA
BROOKS MOTOR & ELECTRIC,Brooks Motor & Electric,N,Service Provider,USA
402 BROWN & HEIM INC,Brown & Heim,N,Service Provider,USA
BROWN-CAMPBELL COMPANY,Brown-Campbell,N,Distributor,USA
BROZELCO INC,Brozelco,N,Distributor,USA
BRUCE P RICHARDSON,Bruce P Richardson,N,Individual,USA
403 BRYANT BERRY INC,Bryant Berry,N,Service Provider,USA
BULBAMERICA,BulbAmerica,N,Distributor,USA
BULBS DEPOT,Bulbs Depot,N,Distributor,USA
BULB TOWN,BulbTown,N,Distributor,USA
BULLOCK BREAKERS,Bullock Breakers,N,Distributor,USA
BURNDY LLC,Burndy,N,Manufacturer,USA
BUYMYBREAKER.COM,BuyMyBreaker,N,Distributor,USA
BW INDUSTRIAL GRAPHICS AND ENGRAVING,BW Industrial Graphics & Engraving,N,Manufacturer,USA
BRYAM LABS,Byram Labs,N,Manufacturer,USA
BYRAM LABS,Byram Labs,N,Manufacturer,USA
CD Products / Bywater Business Solutions,Bywater Business Solutions,N,Service Provider,USA
C & C Custom Lawncare,C & C Custom Lawncare,N,Service Provider,USA
C & C Electric,C & C Electric,N,Service Provider,USA
C & G SURPLUS INC,C & G Surplus,N,Distributor,USA
C&G SURPLUS INC,C & G Surplus,N,Distributor,USA
408 C&R ELECTRIC INC,C&R Electric,N,Service Provider,USA
409 C&R MAINTENANCE INC,C&R Maintenance,N,Service Provider,USA
C3 CONTROLS,c3controls,N,Manufacturer,USA
CABLE TIES UNLIMITED,Cable Ties Unlimited,N,Distributor,USA
CABLE ORGANIZER,CableOrganizer,N,Distributor,USA
CablesAndKits.com,CablesAndKits,N,Distributor,USA
Cache Valley Electric Company,Cache Valley Electric,N,Service Provider,USA
990:1 CACHE VALLEY ELECTRIC COMPANY : CVE HONOLULU,Cache Valley Electric,N,Service Provider,USA
CAL fastners,Cal Fasteners,N,Distributor,USA
Cal Fasteners,Cal Fasteners,N,Distributor,USA
CALAM MFG,Calam Manufacturing,N,Manufacturer,USA
CALIBRATION TECHNOLOGIES INC,Calibration Technologies,N,Manufacturer,USA
CALIFORNIA CIRCUIT BREAKERS,California Circuit Breakers,N,Distributor,USA
772 CALVERT CONTROLS INC,Calvert Controls,N,Service Provider,USA
411 CALVERT MECHANICAL SOLUTIONS,Calvert Mechanical Solutions,N,Service Provider,USA
412 CAM ELECTRICAL SERVICES INC,Cam Electrical Services,N,Service Provider,USA
CAMBRIDGE-LEE INDUSTRIES LLC,Cambridge-Lee Industries,N,Manufacturer,USA
CAMPOS GARCIA,Campos Garcia,N,Individual,USA
CANARSKY & DAUGHTERS,Canarsky & Daughters,N,Service Provider,USA
Cap World,Cap World,N,Distributor,USA
CAPITAL ELECTRIC,Capital Electric Supply,N,Distributor,USA
635 CAPITAL ELECTRIC SUPPLY / SONEPAR,Capital Electric Supply,N,Distributor,USA
635:4 CAPITAL ELECTRIC SUPPLY / SONEPAR : CAPITAL ELECTRIC - ABERDEEN,Capital Electric Supply,N,Distributor,USA
635:1 CAPITAL ELECTRIC SUPPLY / SONEPAR : CAPITAL ELECTRIC - ALEXANDRIA,Capital Electric Supply,N,Distributor,USA
635:10 CAPITAL ELECTRIC SUPPLY / SONEPAR : CAPITAL ELECTRIC - ASHLAND VA,Capital Electric Supply,N,Distributor,USA
635:7 CAPITAL ELECTRIC SUPPLY / SONEPAR : CAPITAL ELECTRIC - CHARLOTTESVILLE,Capital Electric Supply,N,Distributor,USA
Capital Electric - do not use (3),Capital Electric Supply,N,Distributor,USA
414 CAPITOL POWER GROUP LLC,Capitol Power Group,N,Service Provider,USA
CARDINAL PAINT AND POWDER INC,Cardinal Paint and Powder,N,Manufacturer,USA
CARLOS LINARES,Carlos Linares,N,Individual,USA
416 CARROLL COUNTY PUBLIC SCHOOLS,Carroll County Public Schools,N,Service Provider,USA
CARTER DANIEL,Carter Daniel,N,Individual,USA
Carter Electric LLC,Carter Electric,N,Service Provider,USA
Carter Machinery,Carter Machinery,N,Distributor,USA
Carter Machinery Company Inc,Carter Machinery,N,Distributor,USA
CASCADE AUTOMATION,Cascade Automation,N,Service Provider,USA
978 CATOCTIN LIGHTING,Catoctin Lighting,N,Distributor,USA
CDW DIRECT LLC,CDW Direct,N,Distributor,USA
CEBALLOS MATEO,Ceballos Mateo,N,Individual,USA
CENTRAL BREAKER AND CONTROL,Central Breaker & Control,N,Distributor,USA
418 CENTRAL BREAKER & CONTROL LLC,Central Breaker & Control,N,Distributor,USA
CENTRAL SANDBLASTING CO,Central Sandblasting,N,Service Provider,USA
CENTRAL STEEL AND WIRE COMPANY,Central Steel & Wire,N,Distributor,USA
CENTRAL VALLEY ELECTRIC SUPPLY,Central Valley Electric Supply,N,Distributor,USA
CG HILL AND SONS INC,CG Hill & Sons,N,Service Provider,USA
CHAD EDWARD WAYSON,Chad Edward Wayson,N,Individual,USA
CHAD GIBSON,Chad Gibson,N,Individual,USA
CHAMPAGNE METALS LLC,Champagne Metals,N,Distributor,USA
"CHAMPAGNE METALS, LLC",Champagne Metals,N,Distributor,USA
Changepond Technologies Private Limited,Changepond Technologies Private,N,Service Provider,India
"1204 CHARLES A. KLEIN & SONS, INC",Charles A. Klein & Sons,N,Service Provider,USA
CHARLIE MILLER,Charlie Miller,N,Individual,USA
CHARTER CONTACT & SUPPLY LLC,Charter Contact & Supply,N,Distributor,USA
804 CHARTER STREET ASSOCIATES LLC,Charter Street Associates,N,Service Provider,USA
CHASE CARD SERVICES,Chase Card Services,N,Service Provider,USA
CHEMICAL MARKETING CORPORATION,Chemical Marketing,N,Distributor,USA
CHEMICOAT CHEMICAL COATINGS LLC,Chemicoat Chemical Coatings,N,Manufacturer,USA
767 CHESAPEAKE ELECTRIC/ CHESAPEAKE ENERGY SOLUTIONS,Chesapeake Electric,N,Service Provider,USA
636 CHESAPEAKE ELECTRICAL SUPPLY LLC,Chesapeake Electrical Supply,N,Distributor,USA
423 CHESAPEAKE ELECTRICAL SYSTEMS,Chesapeake Electrical Systems,N,Service Provider,USA
"Chesapeake Mission Critical, L.L.C.",Chesapeake Mission Critical,N,Service Provider,USA
Chesapeake Sprinkler Company,Chesapeake Sprinkler,N,Service Provider,USA
832 CHESAPEAKE SYSTEMS LLC,Chesapeake Systems,N,Service Provider,USA
687 CHEVY CHASE CLUB,Chevy Chase Club,N,Service Provider,USA
Chicago Precision Manufacturing,Chicago Precision Manufacturing,N,Manufacturer,USA
CHRIS APHRAIM,Chris Aphraim,N,Individual,USA
CHRIS BURCH,Chris Burch,N,Individual,USA
CHRIS GEANEAS,Chris Geaneas,N,Individual,USA
CHRIS SANDERS,Chris Sanders,N,Individual,USA
CHRIS SMITH,Chris Smith,N,Individual,USA
CHRISTOPHER BAGGAN,Christopher Baggan,N,Individual,USA
CHRISTOPHER BORITZ,Christopher Boritz,N,Individual,USA
CHRISTOPHER J STEELE SR,Christopher J Steele Sr,N,Individual,USA
CHUCK CHOKSKI,Chuck Chokski,N,Individual,USA
Cintas,Cintas,N,Service Provider,USA
Cintas Fire,Cintas Fire,N,Service Provider,USA
CIRCUIT BREAKER CITY,Circuit Breaker City,N,Distributor,USA
CIRCUIT BREAKER GUYS,Circuit Breaker Guys,N,Service Provider,USA
CIRCUIT BREAKER SALES NE INC,Circuit Breaker Sales NE,N,Distributor,USA
CITI CARDS,Citi Cards,N,Service Provider,USA
CITIMARINE,Citimarine,N,Distributor,USA
638:4 CITY ELECTRIC SUPPLY : CITY ELECTRIC SUPPLY-RICHMOND NORTH,City Electric Supply,N,Distributor,USA
638:2 CITY ELECTRIC SUPPLY : CITY ELECTRIC SUPPLY-BALTIMORE SOUTH,City Electric Supply,N,Distributor,USA
638:5 CITY ELECTRIC SUPPLY : CITY ELECTRIC SUPPLY - DULLES VA,City Electric Supply,N,Distributor,USA
638:15 CITY ELECTRIC SUPPLY : CITY ELECTRIC SUPPLY NORFOLK CENTRAL,City Electric Supply,N,Distributor,USA
638:10 CITY ELECTRIC SUPPLY : CITY ELECTRIC SUPPLY-CAPITOL HEIGHTS,City Electric Supply,N,Distributor,USA
638:3 CITY ELECTRIC SUPPLY : CITY ELECTRIC SUPPLY-VIRGINIA BEACH,City Electric Supply,N,Distributor,USA
638:13 CITY ELECTRIC SUPPLY : CITY ELECTRIC SUPPLY :   MANASSAS,City Electric Supply,N,Distributor,USA
424 CITY GENERAL INC,City General,N,Service Provider,USA
Clark Machine Corporation,Clark Machine,N,Manufacturer,USA
CLARK TESTING,Clark Testing Services,N,Service Provider,USA
CLASS C COMPONENTS INC,Class C Components,N,Distributor,USA
CLAYTON T WATTS,Clayton T Watts,N,Individual,USA
CLIMATE MAKERS INC,Climate Makers,N,Service Provider,USA
425 CLINTON ELECTRIC CO INC,Clinton Electric,N,Service Provider,USA
426 CMI LIGHTING,CMI Lighting,N,Service Provider,USA
CNJ SURPLUS,CNJ Surplus,N,Distributor,USA
coast to coast breaker,Coast to Coast Breaker,N,Distributor,USA
COASTSIDE CIRCUIT BREAKERS,Coastside Circuit Breakers,N,Distributor,USA
"CET - COATING EQUIPMENT TECHNOLOGY, INC",Coating Equipment Technology,N,Manufacturer,USA
COFFMAN ENGINEERS INC,Coffman Engineers,N,Service Provider,USA
COFLEX,Coflex,N,Manufacturer,France
COHERENT CORP,Coherent,N,Manufacturer,USA
"COLE ROOFING CO., INC.",Cole Roofing,N,Service Provider,USA
427 COLONIAL ELECTRIC CO INC,Colonial Electric,N,Service Provider,USA
COLUMBIA COATINGS,Columbia Coatings,N,Manufacturer,USA
ComAp,ComAp,N,Manufacturer,Czech Republic
COMMERCE LABEL INC,Commerce Label,N,Manufacturer,USA
Commercial Filter Company LLC,Commercial Filter Company,N,Distributor,USA
COMPASS GROUP NAD,Compass Group NAD,N,Service Provider,UK
430 COMPLETE BUILDING SYSTEMS,Complete Building Systems,N,Service Provider,USA
Comprehensive Supply Company,Comprehensive Supply Company,N,Distributor,USA
CONCEPTS INDUSTRIAL,Concepts Industrial,N,Distributor,USA
CONNECTICUT ELECTRIC,Connecticut Electric,N,Manufacturer,USA
CONNECTOR MANUFACTURING COMPANY,Connector Manufacturing,N,Manufacturer,USA
CONNECTORS AND CABLE SPECIALTIES,Connectors and Cable Specialties,N,Manufacturer,USA
1065 CONSTRUCTION INNOVATIONS,Construction Innovations,N,Manufacturer,USA
1226 CONSTRUCTION MANAGEMENT & BUILDERS,Construction Management & Builders,N,Service Provider,USA
CONTACT POWER INC,Contact Power,N,Service Provider,USA
713 CONTEMPORARY ELECTRIC,Contemporary Electric,N,Service Provider,USA
"786 CONTINENTAL ELECTRIC, LLC",Continental Electric,N,Service Provider,USA
CONTROL COMPONENTS,Control Components,N,Distributor,USA
CONTROL PANEL SUPPLY,Control Panel Supply,N,Distributor,USA
CONTROL PARTS,Control Parts,N,Distributor,USA
CONTROL SWITCHES INTERNATIONAL INC,Control Switches International,N,Manufacturer,USA
Conveyer & Caster,Conveyer & Caster,N,Distributor,USA
"COOPER BUSSMANN, LLC",Cooper Bussmann,N,Manufacturer,USA
THYSSENKRUPP - COPPER AND BRASS SALES,Copper & Brass Sales,N,Distributor,USA
CORAL CHEMICAL COMPANY,Coral Chemical,N,Manufacturer,USA
CORDELL WILSON,Cordell Wilson,N,Individual,USA
COREMARK METALS/DISCOUNT STEEL INC,Coremark Metals,N,Distributor,USA
433 COUNTER SALE,Counter Sale,N,Distributor,Unknown
Covington Machine & Welding Inc.,Covington Machine & Welding,N,Service Provider,USA
COWTOWN BREAKERS,Cowtown Breakers,N,Distributor,USA
"COYOTE LOGISTICS, LLC",Coyote Logistics,N,Service Provider,USA
CREATIVE SAFETY SUPPLY LLC,Creative Safety Supply,N,Distributor,USA
CRESCENT ELECTRIC SUPPLY CO,Crescent Electric Supply,N,Distributor,USA
CRIMP SUPPLY INC,Crimp Supply,N,Distributor,USA
CRITICAL COMPONENTS INC,Critical Components,N,Distributor,USA
702 CRITICAL PEAKE SERVICES,Critical Peake Services,N,Service Provider,USA
Critical Power Sales,Critical Power Sales,N,Distributor,USA
Cross Check Torque Sealant,Cross Check Torque Sealant,N,Manufacturer,USA
Crosslink Paints,Crosslink Paints,N,Manufacturer,USA
CSC,CSC,N,Service Provider,USA
CUBES2U LLC,Cubes2U,N,Manufacturer,USA
CULLIGAN WATER,Culligan Water,N,Service Provider,USA
Cummins Inc,Cummins,N,Manufacturer,USA
CUMMINS SALES AND SERVICE,Cummins Sales and Service,N,Service Provider,USA
436 CURRENT ELECTRICAL SERVICES,Current Electrical Services,N,Service Provider,USA
CustomInk,Custom Ink,N,Manufacturer,USA
CUSTOM SOLUTIONS MANUFACTURING LLC,Custom Solutions Manufacturing,N,Manufacturer,USA
"DAD's Discount Appliance Distributors, Inc.",DAD's Discount Appliance Distributors,N,Distributor,USA
DAEDEX / MAS HVAC,Daedex / MAS HVAC,N,Manufacturer,USA
DAKOTA ELECTRIC INC,Dakota Electric,N,Service Provider,USA
782 DALLIS ELECTRICAL SERVICES,Dallis Electrical Services,N,Service Provider,USA
DAN LUCKOW ELECTRIC INC,Dan Luckow Electric,N,Distributor,USA
DAN PETERS,Dan Peters,N,Individual,USA
DANIEL ELLIOTT,Daniel Elliott,N,Individual,USA
DAREK PLACEK,Darek Placek,N,Individual,USA
DATA CENTER SYSTEMS INC,Data Center Systems,N,Manufacturer,USA
Datacomm Cables Inc.,Datacomm Cables,N,Manufacturer,USA
DAVE  LESSNER,Dave Lessner,N,Individual,USA
DAVE PLACEK,Dave Placek,N,Individual,USA
DAVES INDUSTRIAL SURPLUS LLC,Daves Industrial Surplus,N,Distributor,USA
DAVID A WILLIAMS,David A Williams,N,Individual,USA
DAVID HOTT,David Hott,N,Individual,USA
DAVID JONES,David Jones,N,Individual,USA
DAVID JOSEPH HOTT,David Joseph Hott,N,Individual,USA
DAVID THOMPSON,David Thompson,N,Individual,USA
STEVENS J DAVID WAYNE,David Wayne Stevens,N,Individual,USA
DAVID WORTHY,David Worthy,N,Individual,USA
DAVIDSON SALES COMPANY,Davidson Sales,N,Distributor,USA
442 DAWSON ELECTRIC,Dawson Electric,N,Service Provider,USA
DB ROBERTS,DB Roberts,N,Distributor,USA
444 DECA ELECTRICAL CONTRACTORS,Deca Electrical Contractors,N,Service Provider,USA
Decals.com,Decals.com,N,Manufacturer,USA
DEEP SEA ELECTRONICS INC,Deep Sea Electronics,N,Manufacturer,United Kingdom
DEHN INC,DEHN,N,Manufacturer,Germany
DEJOHNS ELECTRICAL SALES INC,Dejohns Electrical Sales,N,Distributor,USA
DELL,Dell,N,Manufacturer,USA
DENNIS BARRY,Dennis Barry,N,Individual,USA
DENT INSTRUMENTS INC,Dent Instruments,N,Manufacturer,USA
DENVER BREAKERS AND SUPPLY,Denver Breakers & Supply,N,Distributor,USA
DEREK PLACEK,Derek Placek,N,Individual,USA
DERRICK BROOKS,Derrick Brooks,N,Individual,USA
"Design Glazing Concepts, LLC",Design Glazing Concepts,N,Service Provider,USA
DEVRECO,Devreco,N,Service Provider,USA
"DFM Development Services, LLC",DFM Development Services,N,Service Provider,USA
DHR Products LLC,DHR Products,N,Manufacturer,USA
DIAMOND VOGEL INC,Diamond Vogel Paint,N,Manufacturer,USA
DIGI-KEY,Digi-Key,N,Distributor,USA
DIGI-KEY ELECTRONICS,Digi-Key Electronics,N,Distributor,USA
DISCOUNT STEEL INC,Discount Steel,N,Distributor,USA
Dispatch,Dispatch,N,Service Provider,USA
DOBLE ENGINEERING,Doble Engineering,N,Manufacturer,USA
"641 DOMINION ELECTRIC SUPPLY, A DIVISION OF BORDER STATES",Dominion Electric Supply,N,Distributor,USA
"641:3 DOMINION ELECTRIC SUPPLY, A DIVISION OF BORDER STATES : DOMINION ELECTRIC - CHANTILLY",Dominion Electric Supply,N,Distributor,USA
"641:1 DOMINION ELECTRIC SUPPLY, A DIVISION OF BORDER STATES : DOMINION ELECTRIC - ARLINGTON",Dominion Electric Supply,N,Distributor,USA
"641:9 DOMINION ELECTRIC SUPPLY, A DIVISION OF BORDER STATES : DOMINION ELECTRIC SUPPLY :  ALEXANDRIA",Dominion Electric Supply,N,Distributor,USA
"641:7 DOMINION ELECTRIC SUPPLY, A DIVISION OF BORDER STATES : DOMINION ELECTRIC - ESSEX",Dominion Electric Supply,N,Distributor,USA
"641:4 DOMINION ELECTRIC SUPPLY, A DIVISION OF BORDER STATES : DOMINION ELECTRIC - LAUREL",Dominion Electric Supply,N,Distributor,USA
"641:8 DOMINION ELECTRIC SUPPLY, A DIVISION OF BORDER STATES : DOMINION ELECTRIC SUPPLY : ASHBURN",Dominion Electric Supply,N,Distributor,USA
"641:10 DOMINION ELECTRIC SUPPLY, A DIVISION OF BORDER STATES : DOMINION ELECTRIC - CURTIS BAY",Dominion Electric Supply,N,Distributor,USA
"641:6 DOMINION ELECTRIC SUPPLY, A DIVISION OF BORDER STATES : DOMINION ELECTRIC OF WASHINGTON DC LLC",Dominion Electric Supply,N,Distributor,USA
Dominion Electric Supply,Dominion Electric Supply,N,Distributor,USA
DON TURANSKY,Don Turansky,N,Individual,USA
DONALD ALVIN WILLIS JR,Donald Alvin Willis Jr,N,Individual,USA
Donald J Callahan,Donald J Callahan,N,Individual,USA
DOVELL SYSTEMS,Dovell Systems,N,Service Provider,USA
DOWNEY BREAKERS,Downey Breakers,N,Distributor,USA
"Drive, Inc.",Drive,N,Manufacturer,USA
Driven Creations,Driven Creations,N,Service Provider,USA
DRUMMOND INDUSTRIES,Drummond Industries,N,Manufacturer,USA
DS PIPE AND STEEL,DS Pipe & Steel,N,Distributor,USA
DU-CO Ceramics Company,Du-Co Ceramics,N,Manufacturer,USA
642 DULLES ELECTRIC SUPPLY CO,Dulles Electric Supply,N,Distributor,USA
DULLES ELECTRIC SUPPLY,Dulles Electric Supply,N,Distributor,USA
450 Dummy Customer,Dummy Customer,N,Service Provider,Unknown
"Durrett Sheppard Steel Co., Inc",Durrett Sheppard Steel,N,Distributor,USA
Dustin  Vienneau,Dustin Vienneau,N,Individual,USA
451 DVORAK LLC,Dvorak,N,Service Provider,USA
DYNALECTRIC,Dynalectric,N,Service Provider,USA
452 DYNALECTRIC,Dynalectric,N,Service Provider,USA
DYNAMIC MANUFACTURING SOLUTIONS,Dynamic Manufacturing Solutions,N,Manufacturer,USA
EAE,Eae Electric,N,Manufacturer,Turkey
EAGLE EYE POWER SOLUTIONS LLC,Eagle Eye Power Solutions,N,Manufacturer,USA
EARNEST SOLUTIONS,Earnest Solutions,N,Service Provider,USA
722 EASI ELECTRICAL AUTOMATION SERVICES INC,EASI Electrical Automation Services,N,Service Provider,USA
EAST COAST BREAKERS AND CONTROLS,East Coast Breakers and Controls,N,Distributor,USA
790 EAST COAST ELECTRIC INC,East Coast Electric,N,Service Provider,USA
"EASTERN LIFT TRUCK CO., INC.",Eastern Lift Truck,N,Service Provider,USA
EASTERN SURPLUS ASSET INC,Eastern Surplus Asset,N,Distributor,USA
EATON CORPORATION,Eaton,N,Manufacturer,USA
EBAY,eBay,N,Distributor,USA
454 EC ERNST INC,EC Ernst,N,Service Provider,USA
Echo Electric,Echo Electric,N,Distributor,USA
ECODIRECT,EcoDirect,N,Distributor,USA
EDDIE DAVIS,Eddie Davis,N,Individual,USA
DAVIS EDDIE RAY,Eddie Ray Davis,N,Individual,USA
EDISON ELECTRICAL SURPLUS,Edison Electrical Surplus,N,Distributor,USA
EDISON ENERGY INC,Edison Energy,N,Service Provider,USA
EGAN COMPANY,Egan Company,N,Service Provider,USA
EGAUGE SYSTEMS LLC,eGauge Systems,N,Manufacturer,USA
E-Hazard Management LLC,E-Hazard Management,N,Service Provider,USA
1244 ELECTRIC ADVANTAGE INC,Electric Advantage,N,Service Provider,USA
ELECTRIC AUTOMATION,Electric Automation,N,Distributor,Italy
ELECTRIC BARN,Electric Barn,N,Distributor,USA
ELECTRIC MOTOR SUPPLY CO,Electric Motor Supply,N,Distributor,USA
ELECTRIC RESEARCH AND MANUFACTURING COOPERATIVE IN,Electric Research Mfg Coop,N,Manufacturer,USA
ELECTRIC SOUTH,Electric South,N,Service Provider,USA
ELECTRICAL & SUPPLY,Electrical & Supply,N,Distributor,USA
459 ELECTRICAL CONNECTIONS INC,Electrical Connections,N,Service Provider,USA
460 ELECTRICAL GENERAL CORP,Electrical General Corp,N,Service Provider,USA
ELECTRICAL POWER AND CONTROL,Electrical Power and Control,N,Manufacturer,USA
ELECTRICAL POWER HOUSE,Electrical Power House,N,Distributor,USA
Electrical Power Solutions Inc,Electrical Power Solutions,N,Service Provider,USA
ELECTRICAL PRODUCTS & CONTROL,Electrical Products & Control,N,Distributor,USA
"ELECTRICAL SERVICE PRODUCTS, INC",Electrical Service Products,N,Manufacturer,USA
Electrical System Ltd,Electrical System,N,Service Provider,Unknown
Electrical Test Tech LLC,Electrical Test Tech,N,Service Provider,USA
ElectriConnection,ElectriConnection,N,Distributor,USA
ELECTRO INDUSTRIES/GAUGE TECH,Electro Industries / GaugeTech,N,Manufacturer,USA
ELECTRO INDUSTRIES - GAUGE TECH,Electro Industries / GaugeTech,N,Manufacturer,USA
Electrolab Limited,Electrolab,N,Manufacturer,Canada
OLYMPIC CONTROLS CORPORATION-ELECTROMAGNETIC INDUSTRIES,Electromagnetic Industries,N,Manufacturer,USA
ELECTRONIC POWER DESIGN,Electronic Power Design,N,Service Provider,USA
ELECTROSWITCH,Electroswitch,N,Manufacturer,USA
ELLIOTT INDUSTRIES INC,Elliott Industries,N,Manufacturer,USA
EMI Inc.,EMI,N,Manufacturer,USA
EMICC Inc,EMICC,N,Manufacturer,USA
EMSCO INC - MINNESOTA,Emsco INC - Minnesota,N,Distributor,USA
EMSCO MD,Emsco Md,N,Distributor,USA
Encompass Engineer & Architects,Encompass Engineer & Architects,N,Service Provider,USA
ENERGY AVENUE,Energy Avenue,N,Distributor,USA
ENERGY SYSTEMS CONSULTING LLC,Energy Systems Consulting,N,Service Provider,USA
ENERGY SYSTEMS MIDWEST INC,Energy Systems Midwest,N,Service Provider,USA
ENERSYS DELAWARE INC,Enersys Delaware,N,Manufacturer,USA
ENGINEERED DISTRIBUTION SPECIALISTS,Engineered Distribution Specialists,N,Distributor,USA
ENGRAPHICS LLC,Engraphics,N,Manufacturer,USA
Ensto North America Inc,Ensto North America,N,Manufacturer,Finland
"Environmental Compliance & Engineering, Inc.",Environmental Compliance & Engineering,N,Service Provider,USA
EMSI INC,Environmental Management Services,N,Manufacturer,USA
"ENVIRONMENTAL POTENTIALS, INC",Environmental Potentials,N,Manufacturer,USA
"ENVIRONMENTAL RESOURCES MANAGEMENT, INC.",Environmental Resources Management,N,Service Provider,United Kingdom
"Epic Resources, Inc",Epic Resources,N,Distributor,USA
Eplasticssandiego,ePlastics,N,Distributor,USA
"ERC International Logistics, LLC",ERC International Logistics,N,Service Provider,USA
ERIC NOEL,Eric Noel,N,Individual,USA
ErkamUSA Inc,ErkamUSA,N,Manufacturer,USA
ERMAK,Ermak Machinery,N,Manufacturer,USA
ESCAPE FIRE PROTECTION INC,Escape Fire Protection,N,Service Provider,USA
ESL POWER SYSTEMS INC,ESL Power Systems,N,Manufacturer,USA
ESPE MFG CO,Espe Manufacturing,N,Manufacturer,USA
ESS METRON,ESS Metron,N,Manufacturer,USA
"1243 ESS METRON, LLC",ESS Metron,N,Manufacturer,USA
ETI PRECISION,ETI Precision,N,Service Provider,USA
EUROFINS ELECTRICAL & ELECTRONIC TESTING,Eurofins Electrical,N,Service Provider,Luxembourg
EUTECTIC CORP,Eutectic,N,Manufacturer,Germany
EUTEX  INTERNATIONAL,Eutex International,N,Distributor,USA
EVER GREEN ACRES,Ever Green Acres,N,Service Provider,USA
EWT HOLDINGS III CORP,Evoqua Water Technologies,N,Manufacturer,USA
EXCO INDUSTRIAL,Exco Industrial Supply,N,Distributor,USA
FAIRCHILD INDUSTRIES INC,Fairchild Industries,N,Manufacturer,USA
"Falcon Electric, Inc.",Falcon Electric,N,Manufacturer,USA
Farmers Copper (Wieland) LTD,Farmers Copper (Wieland),N,Distributor,USA
FASTENER SOLUTIONS INC,Fastener Solutions,N,Distributor,USA
Fastener Superstore,Fastener Superstore,N,Distributor,USA
FERRULES DIRECT,Ferrules Direct,N,Distributor,USA
"Fieldpoint Service Applications, Inc.",Fieldpoint Service Applications,N,Service Provider,Canada
FIRE SAFETY SUPPLY,Fire Safety Supply,N,Distributor,USA
First Source Electronics,First Source Electronics,N,Manufacturer,USA
Fitzmark LLC,Fitzmark,N,Service Provider,USA
FiunEx,FiunEx,N,Service Provider,USA
Flash Embroidery,Flash Embroidery,N,Service Provider,USA
FLEX CORE DIVISION,Flex-Core,N,Manufacturer,USA
Flex-Pipe,Flex-Pipe,N,Manufacturer,USA
FLOW INTERNATIONAL,Flow International,N,Manufacturer,USA
"FLUID SOLUTIONS, LLC",Fluid Solutions,N,Distributor,USA
FORKLIFTS OF MINNESOTA INC,Forklifts of Minnesota,N,Distributor,USA
Fortis Engineers,Fortis Engineers,N,Service Provider,USA
FOSTORIA BUSHINGS & INSULATORS,Fostoria Bushings & Insulators,N,Manufacturer,USA
FOUNDATION BUILDING MATERIALS HOLDING COMPANY LLC,Foundation Building Materials,N,Distributor,USA
FPI INDUSTRIES INC,FPI Industries,N,Manufacturer,USA
FRANK J MOSAY,Frank J Mosay,N,Individual,USA
468 FREDERICK ELECTRICAL CO INC,Frederick Electrical,N,Service Provider,USA
FREEMAN LIQUIDATORS,Freeman Liquidators,N,Distributor,USA
469 FREESTATE ELECTRIC CO / AES,Freestate Electric Co / Aes,N,Service Provider,USA
470 FRESH AIR CONCEPTS,Fresh Air Concepts,N,Service Provider,USA
Frontapp,Front,N,Service Provider,USA
FRSECURE LLC,FRSecure,N,Service Provider,USA
FS INDUSTRIES AND GILMORE-KRAMER COMPANY,FS Industries & Gilmore-Kramer,N,Distributor,USA
FS.COM INC,Fs.Com,N,Manufacturer,USA
"Full Source, LLC",Full Source,N,Distributor,USA
FULLERTON FINISH SYSTEMS INC,Fullerton Finish Systems,N,Manufacturer,USA
FUSECO,Fuseco,N,Distributor,USA
FUSES UNLIMITED,Fuses Unlimited,N,Distributor,USA
G&W Electric Co,G&W Electric,N,Manufacturer,USA
GAFFNEY KROESE SUPPLY CO,Gaffney Kroese Supply,N,Distributor,USA
GAI-TRONICS CORPORATION,Gai-Tronics,N,Manufacturer,USA
GALCO,Galco Industrial Electronics,N,Distributor,USA
GARELICK STEEL,Garelick Steel,N,Distributor,USA
GE Digital LLC,GE Digital,N,Service Provider,USA
GEAR HEAD SURPLUS,Gear Head Surplus,N,Distributor,USA
GENERAL ELECTRIC,General Electric,N,Manufacturer,USA
GEORGE N. WILSON,George N. Wilson,N,Individual,USA
GEORGE W GILDE,George W. Gilde,N,Individual,USA
Gerry Post,Gerry Post,N,Individual,USA
GESCO GEOPHYSICAL ELECTRIC SUPPLY,Gesco Geophysical Electric Supply,N,Distributor,USA
721:1 GEXPRO : GEXPRO - CAPITOL HEIGHTS,Gexpro,N,Distributor,USA
GEXPRO,Gexpro,N,Distributor,USA
"GHA Technologies, Inc.",GHA Technologies,N,Distributor,USA
Giga Energy Inc.,Giga Energy,N,Manufacturer,USA
GLADWIN MACHINERY & SUPPLY CO,Gladwin Machinery & Supply,N,Distributor,USA
GLASS CONTRACTORS OF BALTIMORE,Glass Contractors of Baltimore,N,Service Provider,USA
GLEN E BOND,Glen E. Bond,N,Individual,USA
GLEN EDWARD BOND,Glen Edward Bond,N,Individual,USA
746 GLO ELECTRIC,Glo Electric,N,Service Provider,USA
GLOBAL ASSET DECOMMISSIONING,Global Asset Decommissioning,N,Service Provider,USA
GLOBAL BREAKERS INC,Global Breakers,N,Distributor,USA
GLOBAL INDUSTRIAL SUPPLIES,Global Industrial Supplies,N,Distributor,USA
GLOBE ELECTRIC SUPPLY,Globe Electric Supply,N,Distributor,USA
GMA GARNET USA CORP,GMA Garnet USA,N,Manufacturer,USA
Go Engineer,GoEngineer,N,Service Provider,USA
GOLDEN ISLES SUPPLY CO,Golden Isles Supply,N,Distributor,USA
GONZALEZ GUTIERREZ,Gonzalez Gutierrez,N,Individual,Unknown
GONZALEZ GUTIRREZ,Gonzalez Gutierrez,N,Individual,Unknown
474 GOOD NEWS ELECTRIC,Good News Electric,N,Service Provider,USA
GOOD NEWS ELECTRIC,Good News Electric,N,Service Provider,USA
GOODIN COMPANY,Goodin,N,Distributor,USA
GPM SURPLUS,GPM Surplus,N,Distributor,USA
GR MECHANICAL PLUMBING AND HEATING INC,GR Mechanical Plumbing & Heating,N,Service Provider,USA
GRACEY BRADLEY LYLE,Gracey Bradley Lyle,N,Individual,USA
Grainger Industrial Supply,Grainger,N,Distributor,USA
WW GRAINGER INC,Grainger,N,Distributor,USA
Grand Companies Specialty Services,Grand Companies Specialty Services,N,Service Provider,USA
GRAYBAR ELECTRIC COMPANY INC,Graybar Electric,N,Distributor,USA
GRAYBAR,Graybar Electric,N,Distributor,USA
GREAT LAKES EQUIPMENT OHIO,Great Lakes Equipment OHIO,N,Distributor,USA
GREEN INDUSTRIAL WISCONSIN,Green Industrial Wisconsin,N,Distributor,USA
951 GREENERGY ELECTRIC & DESIGNS CORP,Greenergy Electric & Designs,N,Service Provider,USA
"Greenfox Services, Inc",Greenfox Services,N,Service Provider,USA
GREENHECK,Greenheck,N,Manufacturer,USA
GREGORY ANTHONY LITTLE,Gregory Anthony Little,N,Individual,USA
GREGORY KEVIN WILDER,Gregory Kevin Wilder,N,Individual,USA
GREGORY MEGGINSON,Gregory Megginson,N,Individual,USA
477 GROUNDED ELECTRICAL CONSTRUCTION,Grounded Electrical Construction,N,Service Provider,USA
GROUNDED ELECTRICAL CONSTRUCTION,Grounded Electrical Construction,N,Service Provider,USA
GUARDIAN INDUSTRIAL SUPPLY,Guardian Industrial Supply,N,Distributor,USA
GUIDEPOINT SECURITY,Guidepoint Security,N,Service Provider,USA
H M CRAGG COMPANY,H M Cragg,N,Distributor,USA
H&H BUYING & SELLING INC,H&H Buying & Selling,N,Distributor,USA
H&M DISTRIBUTORS INC,H&M Distributors,N,Distributor,USA
HADALGO LLC,Hadalgo,N,Service Provider,USA
"Haeger, Inc.",Haeger,N,Manufacturer,USA
HAMMOND POWER SOLUTIONS INC,Hammond Power Solutions,N,Manufacturer,Canada
"803 HARA ELECTRICAL CONTRACTORS, INC",Hara Electrical Contractors,N,Service Provider,USA
481 HARDESTY INC,Hardesty,N,Service Provider,USA
"Hardware Specialty Co, Inc.",Hardware Specialty,N,Distributor,USA
Harlan Electric Company,Harlan Electric,N,Service Provider,USA
HAROLD G. SCHAEVITZ,Harold G. Schaevitz,N,Manufacturer,USA
"1194 HATZEL & BUEHLER, INC.",Hatzel & Buehler,N,Service Provider,USA
HAWK ELECTRONICS,Hawk Electronics,N,Distributor,USA
HAWK RIDGE SYSTEMS LLC,Hawk Ridge Systems,N,Service Provider,USA
483 HAWKINS ELECTRIC SERVICE INC,Hawkins Electric Service,N,Service Provider,USA
HBL America Inc.,HBL America,N,Manufacturer,India
HEATTEK INC,Heattek,N,Manufacturer,USA
"723 HEFFRON COMPANY, INC",Heffron Company,N,Service Provider,USA
1136 HELIOS ELECTRIC,Helios Electric,N,Service Provider,USA
743 HELLER ELECTRIC,Heller Electric,N,Service Provider,USA
HELLER ELECTRIC COMPANY INC,Heller Electric Company,N,Service Provider,USA
HENNCO LLC,Hennco,N,Manufacturer,USA
"Hercules Fence of Maryland, LLC",Hercules Fence of Maryland,N,Service Provider,USA
"HEROLD PRECISION METALS, LLC.",Herold Precision Metals,N,Manufacturer,USA
HEXAGON MANUFACTURING INTELLIGENCE INC,Hexagon Manufacturing Intelligence,N,Manufacturer,Sweden
HIAWATHA METALCRAFT INC,Hiawatha Metalcraft,N,Manufacturer,USA
HILL COUNTRY LIQUIDATORS,Hill Country Liquidators,N,Distributor,USA
768 HILL ELECTRICAL,Hill Electrical,N,Service Provider,USA
HIPOTRONICS,Hipotronics,N,Manufacturer,USA
485 HIRSCH ELECTRIC LLC,Hirsch Electric,N,Service Provider,USA
486 HISHAM MOHAMMAD AL QURAISH EST,Hisham Mohammad Al Quraish Establishment,N,Service Provider,Saudi Arabia
HITACHI ENERGY USA INC,Hitachi Energy Usa,N,Manufacturer,USA
Hitachi Energy,Hitachi Energy Usa,N,Manufacturer,Switzerland
"Hi-Tech Fasteners, Inc.",Hi-Tech Fasteners,N,Distributor,USA
HITLIGHTS,HitLights,N,Manufacturer,USA
HODGES MARINE,Hodges Marine,N,Distributor,USA
Hoist & Crane Repair Inc.,Hoist & Crane Repair,N,Service Provider,USA
HOLDEN STEEL COMPONENTS,Holden Steel Components,N,Manufacturer,USA
"HOPE INDUSTRIAL SYSTEMS, INC.",Hope Industrial Systems,N,Manufacturer,USA
"Hoppecke Batteries, Inc.",Hoppecke Batteries,N,Manufacturer,Germany
488 HOWARD COUNTY PUBLIC SCHOOL,Howard County Public Schools,N,Service Provider,USA
HUBBELL,Hubbell,N,Manufacturer,USA
HUBBELL POWER SYSTEMS INC,Hubbell Power Systems,N,Manufacturer,USA
HUNT ELECTRIC CORPORATION,Hunt Electric,N,Service Provider,USA
"Hunter and Lomison, Inc.",Hunter and Lomison,N,Service Provider,USA
HYPERTHERM INC/OMAX CORPORATON,Hypertherm / OMAX,N,Manufacturer,USA
IC-Bretco LLC,IC-Bretco,Intercompany,Manufacturer,USA
ICC CABLE,ICC Cable,N,Manufacturer,USA
IDC AUTOMATIC LLC,IDC Automatic,N,Service Provider,USA
652 IDEAL ELECTRIC SUPPLY CO,Ideal Electric Supply,N,Distributor,USA
IES SURPLUS,IES Surplus,N,Distributor,USA
IGUS,igus,N,Manufacturer,Germany
IMCDIRECT,IMC Direct,N,Distributor,USA
IMC DIRECT,IMC Direct,N,Distributor,USA
IMPERIAL SUPPLY,Imperial Supplies,N,Distributor,USA
IN STOCK PARTS,In Stock Parts,N,Distributor,USA
INDEECO,Indeeco,N,Manufacturer,USA
INDEECO / ASPEQ Heating Group LLC,Indeeco / Aspeq Heating Group,N,Manufacturer,USA
INDEPENDENT PACKING SERVICES INC,Independent Packing Services,N,Service Provider,USA
INDUCTIVE AUTOMATION LLC,Inductive Automation,N,Manufacturer,USA
"INDUSTRIAL 4 LESS, LLC",Industrial 4 Less,N,Distributor,USA
INDUSTRIAL CONNECTIONS  SOLUTIONS LLC,Industrial Connections Solutions,N,Manufacturer,USA
INDUSTRIAL CONTROL & SUPPLY INC,Industrial Control & Supply,N,Distributor,USA
INDUSTRIAL DIAGNOSTICS,Industrial Diagnostics,N,Service Provider,USA
Industrial Electric Mfg,Industrial Electric Mfg,N,Manufacturer,USA
IER INDUSTRIAL EQUIPMENT RECOVERY,Industrial Equipment Recovery,N,Service Provider,USA
INS - Industrial Networking Solutions,Industrial Networking Solutions,N,Distributor,USA
Industry Corps,Industry Corps,N,Service Provider,USA
INFINITE ELECTRONICS INTERNATIONAL INC,Infinite Electronics International,N,Manufacturer,USA
IRISS INC,Infrared Inspection Safety,N,Manufacturer,USA
INSOURCE SOFTWARE SOLUTIONS INC,Insource Software Solutions,N,Service Provider,USA
INSTRUMART,Instrumart,N,Distributor,USA
INSTRU-MEASURE,Instru-Measure,N,Distributor,USA
INSULATION DISTRIBUTORS INCORPORATED,Insulation Distributors,N,Distributor,USA
PLASTIC DIP MOLDINGS INC/INSULBOOT,InsulBoot,N,Manufacturer,USA
INTEGRATED INDUSTRIAL SUPPLY,Integrated Industrial Supply,N,Distributor,USA
INTEGRATED POWER SERVICES / NATIONAL SWITCHGEAR,Integrated Power Services,N,Service Provider,USA
INTEGRITY ELECTRIC LLC,Integrity Electric,N,Service Provider,USA
intellirent,Intellirent,N,Distributor,USA
IEM,International Electric Machines,N,Manufacturer,USA
International Sports Management,International Sports Management,N,Service Provider,USA
INTERSPAN CANADA,Interspan Canada,N,Service Provider,Canada
INTERTEK,Intertek Group,N,Service Provider,United Kingdom
IPG Photonics Corporation,IPG Photonics,N,Manufacturer,USA
"IRISS, INC.",Iriss,N,Manufacturer,USA
IRON BOX,Iron Box,N,Manufacturer,USA
J & S CIRCUIT BREAKERS INC.,J & S Circuit Breakers,N,Distributor,USA
J&J INDUSTRIAL SUPPLY,J&J Industrial Supply,N,Distributor,USA
J&P ELECTRICAL CO,J&P Electrical,N,Distributor,USA
J.G. Edelen Co. Inc,J.G. Edelen,N,Distributor,USA
JACOB STEPHEN,Jacob Stephen,N,Individual,Unknown
JAGG Electrical and Control,JAGG Electrical and Control,N,Manufacturer,USA
Jamey Rill,Jamey Rill,N,Individual,USA
JASON EDWARD WITT,Jason Edward Witt,N,Individual,USA
JASON RIDGELY,Jason Ridgely,N,Individual,USA
JASON WILLNER,Jason Willner,N,Individual,USA
"Jaymie Scotto and Associates, LLC",Jaymie Scotto & Associates,N,Service Provider,USA
JCL Energy,JCL Energy,N,Distributor,USA
JE RICHARD,JE Richard,N,Service Provider,USA
495 JE RICHARDS ELECTRIC,JE Richards Electric,N,Service Provider,USA
JEFF KUEBEL,Jeff Kuebel,N,Individual,USA
JEM SECURITY,JEM Security,N,Service Provider,USA
JERRY BITTNER,Jerry Bittner,N,Individual,USA
JERRY POST,Jerry Post,N,Individual,USA
Jetway Computer,Jetway Computer,N,Manufacturer,USA
JHP fastners,JHP Fasteners,N,Distributor,USA
"JIANGSU DIETAO TRADING CO.,LTD","Jiangsu Dietao Trading Co.,Ltd",N,Distributor,China
JIMMY FRANK,Jimmy Frank,N,Individual,USA
JIMMY PHELPS,Jimmy Phelps,N,Individual,USA
JIMPSOLUTIONS LLC,Jimpsolutions,N,Service Provider,USA
498 JM LIPPA ELECTRICAL CO,JM Lippa Electrical,N,Service Provider,USA
499 JM MULLEN ELECTRIC SERVICES,JM Mullen Electric Services,N,Service Provider,USA
JMAC SUPPLY CORP,JMAC Supply,N,Distributor,USA
JME INC % TMB,JME,N,Distributor,USA
JOE DONALD CALLAHAN,Joe Donald Callahan,N,Individual,USA
JOEL DANIEL,Joel Daniel,N,Individual,USA
JOEL DANIEL BROWN,Joel Daniel Brown,N,Individual,USA
LEACH JOHN ALLEN,John Allen Leach,N,Individual,USA
1113 john blemel,John Blemel,N,Individual,USA
JOHN DAIGLE,John Daigle,N,Individual,USA
JOHN DUVALL,John Duvall,N,Individual,USA
JOHN GILES,John Giles,N,Individual,USA
JOHN HENRY FOSTER,John Henry Foster,N,Distributor,USA
JOHN HUTCHERSON,John Hutcherson,N,Individual,USA
JOHN KEEPERS,John Keepers,N,Individual,USA
JOHN MOLESTATORE,John Molestatore,N,Individual,USA
JOHN VODEN,John Voden,N,Individual,USA
Johnson Plastics,Johnson Plastics Plus,N,Distributor,USA
JORGE GREWE,Jorge Grewe,N,Individual,Unknown
JORGE WILLIAM,Jorge William,N,Individual,Unknown
JORGE ZAMUDIO,Jorge Zamudio,N,Individual,Unknown
JOSEPH LAWRENCE,Joseph Lawrence,N,Individual,Unknown
JOSEPH O'CONNOR,Joseph O'Connor,N,Individual,Unknown
"Joseph T. Ryerson & Son, Inc.",Joseph T. Ryerson & Son,N,Distributor,USA
JOSEPH WALTER,Joseph Walter,N,Individual,Unknown
833 Joseph Wendel,Joseph Wendel,N,Individual,Unknown
JOSHUA CHRISTOPHER,Joshua Christopher,N,Individual,Unknown
JOSHUA METZLER,Joshua Metzler,N,Individual,Unknown
Jotform,Jotform,N,Service Provider,USA
JRL ELECTRICAL SUPPLY,JRL Electrical Supply,N,Distributor,USA
JST Power Equipment,JST Power Equipment,N,Manufacturer,USA
"JST POWER EQUIPMENT, INC.",JST Power Equipment,N,Manufacturer,USA
JULIO JIRON,Julio Jiron,N,Individual,Unknown
JUSTIN LEE,Justin Lee,N,Individual,Unknown
JUSTIN  MATHEW,Justin Mathew,N,Individual,Unknown
JW ELECTRICAL SUPPLY,JW Electrical Supply,N,Distributor,USA
JW WINCO,JW Winco,N,Manufacturer,USA
K&K INTERNATIONAL INC,K&K International,N,Distributor,USA
Kegan Engineering Group PLLC,Kegan Engineering Group,N,Service Provider,USA
KEITH KICK,Keith Kick,N,Individual,Unknown
KEITH SIGLER,Keith Sigler,N,Individual,Unknown
KEITH WOODS,Keith Woods,N,Individual,Unknown
KELE,Kele,N,Distributor,USA
504 KELLY ELECTRIC,Kelly Electric,N,Service Provider,USA
KELLY ELECTRIC,Kelly Electric,N,Service Provider,USA
Kelly Generator & Equipment Inc.,Kelly Generator & Equipment,N,Distributor,USA
"Kelly Generator & Equipment, Inc.",Kelly Generator & Equipment,N,Distributor,USA
822 KELLY HVAC INC,Kelly HVAC,N,Service Provider,USA
KEN GIFFORD,Ken Gifford,N,Individual,Unknown
KENNETH PETER SIEMASKO,Kenneth Peter Siemasko,N,Individual,Unknown
KENT ELECTRICAL SUPPLY,Kent Electrical Supply,N,Distributor,USA
KENT INDUSTRIES INCORPORATED,Kent Industries,N,Manufacturer,USA
KEVIN MICHAEL BROWN JR,Kevin Michael Brown Jr,N,Individual,Unknown
Keyence,Keyence,N,Manufacturer,Japan
KEYENCE CORPORATION OF AMERICA,Keyence,N,Manufacturer,USA
KIM CONTROLS,Kim Controls,N,Distributor,USA
KIRK KEY INTERLOCK CO LLC,Kirk Key Interlock,N,Manufacturer,USA
KIRK KEY,Kirk Key Interlock,N,Manufacturer,USA
KM PARTS,KM Parts,N,Distributor,USA
KNOBELSDORFF ENTERPRISES INC,Knobelsdorff Enterprises,N,Service Provider,USA
507 KOLB ELECTRIC,Kolb Electric,N,Service Provider,USA
KOMAX,Komax,N,Manufacturer,Switzerland
688 KPE LLC,KPE,N,Service Provider,USA
KRIS WHITEHURST,Kris Whitehurst,N,Individual,USA
KRIS-TECH WIRE,Kris-Tech Wire,N,Manufacturer,USA
KYLE SCHULER,Kyle Schuler,N,Individual,USA
La Marche MFG,La Marche MFG,N,Manufacturer,USA
LaFORCE HOLDINGS LLC,Laforce Holdings,N,Distributor,USA
LAKELAND ENGINEERING EQUIPMENT COMPANY,Lakeland Engineering Equipment,N,Distributor,USA
LAKEVIEW INDUSTRIES,Lakeview Industries,N,Manufacturer,USA
LAMPSON INTERNATIONAL LLC,Lampson International,N,Service Provider,USA
LANCE CROSS,Lance Cross,N,Individual,USA
LANCO CONTACTS,Lanco Contacts,N,Manufacturer,USA
LARSON ELECTRONICS LLC,Larson Electronics,N,Manufacturer,USA
"Laserfab, Co LLC",Laserfab,N,Service Provider,USA
"Laservision USA, LP",Laservision USA,N,Manufacturer,USA
INFINITE ELECTRONICS INC - L-COM,L-com,N,Manufacturer,USA
LECTRIC CONNECTION,Lectric Connection,N,Distributor,USA
LED Lighting Space,LED Lighting Space,N,Distributor,USA
LED SUPPLY CO,LED Supply,N,Distributor,USA
LEE  THOMPSON,Lee Thompson,N,Individual,USA
LEFTOVER ELECTRIC (FLORIDA),Leftover Electric (Florida),N,Distributor,USA
Legacy Power Products LLC,Legacy Power Products,N,Manufacturer,USA
"LEL International, Inc.",LEL International,N,Distributor,USA
Lenovo,Lenovo Group,N,Manufacturer,China
LESCO INC,Lesco,N,Manufacturer,USA
LEWIE WENTZ,Lewie Wentz,N,Individual,USA
1124 LIGHTNING ELECTRIC,Lightning Electric,N,Service Provider,USA
512 LIMBACH COMPANY LLC,Limbach Company,N,Service Provider,USA
LINDENMEYR MUNROE,Lindenmeyr Munroe,N,Distributor,USA
Lindsey Manufacturing Co,Lindsey Manufacturing,N,Manufacturer,USA
Lindsey Systems,Lindsey Systems,N,Manufacturer,USA
513 LIVE WIRE COMMUNICATIONS,Live Wire Communications,N,Service Provider,USA
708 LOCKE SUPPLY CO,Locke Supply,N,Distributor,USA
708:1 LOCKE SUPPLY CO : LOCKE SUPPLY CO : RICHMOND,Locke Supply,N,Distributor,USA
LOGAN PASS CONSTRUCTION,Logan Pass Construction,N,Service Provider,USA
LONE STAR ELECTRIC SUPPLY,Lone Star Electric Supply,N,Distributor,USA
LONESTAR ELECTRIC SUPPLY,Lonestar Electric Supply,N,Distributor,USA
LOTUS MANUFACTURING,Lotus Manufacturing,N,Manufacturer,USA
LS ELECTRIC AMERICA INC,LS Electric America,N,Manufacturer,USA
LS ELECTRIC AMERICA,LS Electric America,N,Manufacturer,USA
LUBE-TECH & PARTNERS LLC,Lube-Tech & Partners,N,Distributor,USA
Lynnes Welding Training Inc,Lynnes Welding Training,N,Service Provider,USA
M&J ELECTRICAL SUPPLY INC,M&J Electrical Supply,N,Distributor,USA
M&M CONTROL SERVICE INC,M&M Control Service,N,Distributor,USA
M&M MANUFACTURING INC,M&M Manufacturing,N,Manufacturer,USA
523 MC DEAN,M.C. Dean,N,Service Provider,USA
MAB & ASSOCIATES,MAB & Associates,N,Service Provider,USA
MACHINE TOOL TECHNOLOGIES INC,Machine Tool Technologies,N,Service Provider,USA
Mac-Tech,Mac-Tech,N,Distributor,USA
"MADDOX INDUSTRIAL TRANSFORMER, LLC",Maddox Industrial Transformer,N,Manufacturer,USA
MADDOX INDUSTRIAL TRANSFORMER,Maddox Industrial Transformer,N,Manufacturer,USA
MAG-TROL DISTRIBUTORS INC,Mag-Trol Distributors,N,Distributor,USA
MAINE INDUSTRIAL P&R CORP,Maine Industrial P&R,N,Service Provider,USA
MAINTAINX INC,MaintainX,N,Service Provider,USA
1014 MALONEY AIRE,Maloney Aire,N,Service Provider,USA
517 MALSTROM ELECTRICAL,Malstrom Electrical,N,Service Provider,USA
"MANY CIRCUIT BREAKERS, INC",Many Circuit Breakers,N,Distributor,USA
MAPLE SYSTEMS,Maple Systems,N,Manufacturer,USA
MARA INDUSTRIAL,Mara Industrial,N,Distributor,USA
518 MARANTO ELECTRICAL CONSTRUCTION,Maranto Electrical Construction,N,Service Provider,USA
"MAR-BAL, INC",Mar-Bal,N,Manufacturer,USA
MARCO SANDBLASTING,Marco Sandblasting,N,Service Provider,USA
MARK ANTHONY,Mark Anthony,N,Individual,USA
MARK MILLER,Mark Miller,N,Individual,USA
Marsh and McLennan Agency,Marsh & McLennan Agency,N,Service Provider,USA
MARTIN CALIBRATION INC,Martin Calibration,N,Service Provider,USA
MARUSON TECHNOLOGY CORP,Maruson Technology,N,Manufacturer,USA
MASTER ELECTRONICS,Master Electronics,N,Distributor,USA
521 MASTERS ELECTRIC INC,Masters Electric,N,Service Provider,USA
MATE PRECISION TOOLING,Mate Precision Technologies,N,Manufacturer,USA
MATE PRECISION TECHNOLOGIES,Mate Precision Technologies,N,Manufacturer,USA
MATHESON PAINTING INC,Matheson Painting,N,Service Provider,USA
MATHEW BEARD,Mathew Beard,N,Individual,USA
MATRIX FINISHING- MID ATLANTIC LLC,Matrix Finishing- Mid Atlantic,N,Service Provider,USA
MATS INC,Mats,N,Manufacturer,USA
MATT MILLER,Matt Miller,N,Individual,USA
MATTHEW JACOB,Matthew Jacob,N,Individual,USA
MATTHEW M GOLADAY,Matthew M Goladay,N,Individual,USA
MAURICE ELECTRIC SUPPLY CO,Maurice Electric Supply,N,Distributor,USA
658 MAURICE ELECTRIC SUPPLY CO.,Maurice Electric Supply,N,Distributor,USA
658:3 MAURICE ELECTRIC SUPPLY CO. : MAURICE ELECTRIC - LANDOVER,Maurice Electric Supply,N,Distributor,USA
658:5 MAURICE ELECTRIC SUPPLY CO. : MAURICE ELECTRIC - ANNAPOLIS,Maurice Electric Supply,N,Distributor,USA
658:6 MAURICE ELECTRIC SUPPLY CO. : MAURICE ELECTRIC - BELTSVILLE,Maurice Electric Supply,N,Distributor,USA
658:7 MAURICE ELECTRIC SUPPLY CO. : MAURICE ELECTRIC SUPPLY CO-FAIRFAX,Maurice Electric Supply,N,Distributor,USA
658:9 MAURICE ELECTRIC SUPPLY CO. : MAURICE ELECTRIC SUPPLY CO.-FREDERICK,Maurice Electric Supply,N,Distributor,USA
658:10 MAURICE ELECTRIC SUPPLY CO. : MAURICE ELECTRIC SUPPLY CO. JOPPA,Maurice Electric Supply,N,Distributor,USA
658:1 MAURICE ELECTRIC SUPPLY CO. : MAURICE ELECTRIC - WASHINGTON DC,Maurice Electric Supply,N,Distributor,USA
658:4 MAURICE ELECTRIC SUPPLY CO. : MAURICE ELECTRIC - GAITHERSBURG,Maurice Electric Supply,N,Distributor,USA
MAURICE J EVRA,Maurice J Evra,N,Individual,USA
MAURY REDDINGER,Maury Reddinger,N,Individual,USA
MAVERICK INDUSTRIAL SALES,Maverick Industrial Sales,N,Distributor,USA
522 MAX ELECTRICAL CONSTRUCTION,Max Electrical Construction,N,Service Provider,USA
Maxim Crane Works,Maxim Crane Works,N,Service Provider,USA
MAXODEALS.COM,MaxoDeals,N,Distributor,Netherlands
MAZAK OPTONICS CORP,Mazak Optonics,N,Manufacturer,Japan
MAZZELLA COMPANIES,Mazzella Companies,N,Manufacturer,USA
MC MACHINERY SYSTEMS INC,MC Machinery Systems,N,Manufacturer,USA
MC WARNER CONTRACTING INC,MC Warner Contracting,N,Service Provider,USA
MCC ELECTRICAL SUPPLY CORP,MCC Electrical Supply,N,Distributor,USA
695 MCINTYRE'S ELECTRICAL SERVICE,McIntyre's Electrical Service,N,Service Provider,USA
MCMASTER-CARR SUPPLY COMPANY,Mcmaster-Carr Supply,N,Distributor,USA
MCMASTER CARR,Mcmaster-Carr Supply,N,Distributor,USA
MCNICHOLS COMPANY,McNichols,N,Distributor,USA
MD ELECTRICAL SUPPLIES,MD Electrical Supplies,N,Distributor,USA
MDK CIRCUIT BREAKERS,MDK Circuit Breakers,N,Distributor,USA
MEASURLOGIC INC,Measurlogic,N,Manufacturer,USA
MECHATRONIC SOLUTIONS,Mechatronic Solutions,N,Distributor,USA
MEGA DEOT,Mega Depot,N,Distributor,USA
MEGGER,Megger Usa,N,Manufacturer,USA
MEISTER INTERNATIONAL LLC,Meister International,N,Distributor,USA
MENNEKES ELECTRICAL PRODUCTS,Mennekes Electrical Products,N,Manufacturer,Germany
MERSEN USA EP CORP,Mersen Usa Electrical Protection,N,Manufacturer,USA
METPLAS INC,Metplas,N,Manufacturer,USA
MEYER BORGMAN & JOHNSON,Meyer Borgman & Johnson,N,Service Provider,USA
MG LASER INC,MG Laser,N,Service Provider,USA
MG NEWELL,MG Newell,N,Distributor,USA
MGA HARDWARE ELECTRIC INC,MGA Hardware Electric,N,Distributor,USA
527 MGM ELECTRICAL SYSTEM,MGM Electrical System,N,Manufacturer,USA
MGM TRANSFORMER,MGM Transformer,Intercompany,Manufacturer,USA
MGM TRANSFORMER COMPANY,MGM Transformer,Intercompany,Manufacturer,USA
MIAMI BREAKER INC,Miami Breaker,N,Manufacturer,USA
MICHAEL HOMANN,Michael Homann,N,Individual,Unknown
MICHAEL JEFFREY WILLIAM,Michael Jeffrey William,N,Individual,Unknown
MICHAEL JONES,Michael Jones,N,Individual,Unknown
MICHAEL PATRICK,Michael Patrick,N,Individual,Unknown
Michael  Thompson,Michael Thompson,N,Individual,Unknown
MID ATLANTIC MACHINERY,Mid Atlantic Machinery,N,Distributor,USA
528 MID ATLANTIC POWER SPECIALISTS INC,Mid Atlantic Power Specialists,N,Service Provider,USA
Mid-Atlantic Rugged Systems,Mid-Atlantic Rugged Systems,N,Distributor,USA
MIDWEST OVERHEAD CRANE CORPORATION,Midwest Overhead Crane,N,Service Provider,USA
MIDWEST RUBBER SERVICE AND SUPPLY,Midwest Rubber Service and Supply,N,Distributor,USA
MIDWEST SEMI,Midwest Semi,N,Distributor,USA
MIDWEST SWGR,Midwest Switchgear,N,Distributor,USA
MIDWEST SYSTEMS INC,Midwest Systems,N,Distributor,USA
Mighty Hook,Mighty Hook,N,Manufacturer,USA
MIKE BRABSON,Mike Brabson,N,Individual,Unknown
MIKE MCATEER,Mike McAteer,N,Individual,USA
Mike Say,Mike Say,N,Individual,USA
MIKE WILSON,Mike Wilson,N,Individual,USA
MIKE'S MERCHANDISE,Mike's Merchandise,N,Distributor,USA
MILE HIGH BREAKERS,Mile High Breakers,N,Distributor,USA
MILLENNIUM PRINTING & GRAPHICS,Millennium Printing & Graphics,N,Service Provider,USA
714:1 MILLER ELECTRIC COMPANY : MILLER ELECTRIC - RICHMOND OFFICE,Miller Electric Company,N,Service Provider,USA
MILLER METALS FABRICATION INC,Miller Metals Fabrication,N,Manufacturer,USA
1132 MILLIAMP COMPANY,Milliamp,N,Distributor,USA
529 MILTON ELECTRIC CO,Milton Electric,N,Service Provider,USA
MINERVA POMPA,Minerva Pompa,N,Individual,USA
MINNESOTA GUTTERS INC,Minnesota Gutters,N,Service Provider,USA
MINNESOTA OFFICE FURNITURE LLC,Minnesota Office Furniture,N,Distributor,USA
MINNESOTA WATERJET INC,Minnesota Waterjet,N,Manufacturer,USA
MINOR RUBBER CO INC,Minor Rubber,N,Manufacturer,USA
MINRAM DEONARAIN,Minram Deonarain,N,Individual,USA
MIT POWDER COATINGS,MIT Powder Coatings,N,Service Provider,USA
MITCHELL CHRISTOPHER,Mitchell Christopher,N,Individual,USA
ML ELECTRICAL EQUIPMENT,ML Electrical Equipment,N,Distributor,USA
530 ML SMITH ELECTRIC INC,ML Smith Electric,N,Service Provider,USA
MOBILE RADIO ENGINEERING INC,Mobile Radio Engineering,N,Service Provider,USA
MOLDED DEVICES OF TEXAS INC,Molded Devices of Texas,N,Manufacturer,USA
531 MONA ELECTRIC GROUP  INC / ARCHKEY,Mona Electric Group  / Archkey,N,Service Provider,USA
MONSTER ELECTRICAL INC,Monster Electrical,N,Distributor,USA
MONSTER ELECTRICAL,Monster Electrical,N,Distributor,USA
533 MONTGOMERY COUNTY PUBLIC SCHOOL,Montgomery County Public Schools,N,Service Provider,USA
MONTI INC,Monti,N,Manufacturer,USA
MOORE ELECTRICAL CONTROL,Moore Electrical Control,N,Manufacturer,USA
30 MORRIS HOMES LLC,Morris Homes,N,Service Provider,USA
Morris Industrial Products,Morris Industrial Products,N,Distributor,USA
MOST ELECTRIC,Most Electric,N,Service Provider,USA
"Motor-Services Hugo Stamp, Inc.",Motor-Services Hugo Stamp,N,Service Provider,USA
MOUSER ELECTRONICS INC,Mouser Electronics,N,Distributor,USA
Mouser Electronics - do not use,Mouser Electronics,N,Distributor,USA
MOUSER ELECTRONICS,Mouser Electronics,N,Distributor,USA
MOXA.COM,Moxa,N,Manufacturer,Taiwan
MPR TOOLS AND EQUIPMENT,MPR Tools & Equipment,N,Distributor,USA
MR BREAKER,Mr Breaker,N,Distributor,USA
534 MR ELECTRICIANS,Mr Electricians,N,Service Provider,USA
MRO GLOBAL,MRO Global,N,Distributor,USA
"MRO SUPPLY, INC",MRO Supply,N,Distributor,USA
SID TOOL CO INC,MSC Industrial Supply,N,Distributor,USA
MSC Industrial Supply Co,MSC Industrial Supply,N,Distributor,USA
MUELLER INC,Mueller,N,Manufacturer,USA
MUHAMMAD ADNAN (RASHEED),Muhammad Adnan (Rasheed),N,Individual,Unknown
MULTICAST INC,Multicast,N,Service Provider,USA
Multivista Construction Documentation,Multivista Construction Doc,N,Service Provider,USA
Murphy Enterprises of Alabama inc.,Murphy Enterprises of Alabama,N,Service Provider,USA
MV BREAKERS,MV Breakers,N,Distributor,USA
MVJ CIRCUIT BREAKERS INC,MVJ Circuit Breakers,N,Distributor,USA
NATIONAL BAND AND TAG COMPANY,National Band & Tag,N,Manufacturer,USA
536 NATIONAL HVAC SERVICE,National HVAC Service,N,Service Provider,USA
NATIONAL PRECISION,National Precision,N,Distributor,USA
"National Switchgear Systems, Inc.",National Switchgear Systems,N,Service Provider,USA
National Tank Outlet,National Tank Outlet,N,Distributor,USA
NATIONWIDE ELECTRIC SUPPLY,Nationwide Electric Supply,N,Distributor,USA
NAVICO GROUP AMERICAS LLC,Navico Group Americas,N,Manufacturer,USA
NC INDUSTRIAL SUPPLY LLC,NC Industrial Supply,N,Distributor,USA
537 NCORE GROUP LLC,Ncore Group,N,Service Provider,USA
NEFCO CORPORATION,NEFCO,N,Distributor,USA
NEIL LEARY,Neil Leary,N,Individual,USA
Nelson Electric,Nelson Electric,N,Manufacturer,USA
NELSON J STEPHEN ANDREW,Nelson J Stephen Andrew,N,Individual,USA
NELSON STUD WELDING,Nelson Stud Welding,N,Manufacturer,USA
NEOBITS INC,Neobits,N,Distributor,USA
NEOTON TECHNOLOGIES,Neoton Technologies,N,Service Provider,USA
NETFORKS,Netforks,N,Distributor,USA
NEVADA DISTRIBUTION AND CONTROL,Nevada Distribution & Control,N,Distributor,USA
538 NEW SPECTRUM ELECTRIC,New Spectrum Electric,N,Service Provider,USA
NEWARK,Newark Electronics,N,Distributor,USA
NEWARK CORPORATION,Newark Electronics,N,Distributor,USA
NEXAMP,Nexamp,N,Service Provider,USA
NEXGENCAM LLC,NexGenCAM,N,Service Provider,USA
Nexus Metal and Alloys,Nexus Metal and Alloys,N,Manufacturer,India
NICHOLAS CHARLES REEDY,Nicholas Charles Reedy,N,Individual,USA
539 NICHOLS POWER SYSTEMS CO,Nichols Power Systems,N,Service Provider,USA
Nicholson Masonry @ Improvements,Nicholson Masonry & Improvements,N,Service Provider,USA
NICK GARNER,Nick Garner,N,Individual,USA
NICK NEARY,Nick Neary,N,Individual,USA
NICO PRODUCTS INC.,Nico Products,N,Service Provider,USA
"NJ SULLIVAN COMPANY, INC",NJ Sullivan Company,N,Manufacturer,USA
NOHL CORPORATION,Nohl,N,Manufacturer,USA
"NORBERG-IES, LLC",Norberg-IES,N,Distributor,USA
NorbergIES LLC,Norberg-IES,N,Distributor,USA
NORM ROCKWELL III,Norm Rockwell III,N,Individual,USA
540 NORTH AMERICAN ELECTRIC INC,North American Electric,N,Manufacturer,USA
NORTH AMERICAN SWITCHGEAR INC,North American Switchgear,N,Distributor,USA
NORTHERN MECHANICAL CONTRACTORS LLC,Northern Mechanical Contractors,N,Service Provider,USA
NORTHERN POWER EQUIPMENT LLC,Northern Power Equipment,N,Distributor,USA
Nova Power Systems,Nova Power Systems,N,Manufacturer,USA
NRI INDUSTRIAL SALES,NRI Industrial Sales,N,Distributor,Canada
NU TEK SALES,Nu Tek Sales,N,Distributor,USA
"Nuts, Bolts & More","Nuts, Bolts & More",N,Distributor,USA
nVent ERICO,nVent ERICO,N,Manufacturer,USA
nVent ILSCO,nVent ILSCO,N,Manufacturer,USA
NVISION ARCHITECTURE,nVision Architecture,N,Service Provider,USA
OIL Lube Equipment LLC,Oil Lube Equipment,N,Distributor,USA
OK SALES INC,OK Sales,N,Distributor,USA
"O'Leary Asphalt, Inc.",O'Leary Asphalt,N,Service Provider,USA
OLSEN CHAIN AND CABLE CO INC,Olsen Chain and Cable,N,Manufacturer,USA
OLSUN ELECTRIC CORPORATION,Olsun Electric,N,Manufacturer,USA
"Omni Cable, LLC",OmniCable,N,Distributor,USA
OMNICAL GLOBAL ELECTRICAL,Omnical Global Electrical,N,Distributor,Netherlands
ONECLICK WAREHOUSE,OneClick Warehouse,N,Distributor,USA
ONEMONROE INC,OneMonroe,N,Manufacturer,USA
OnLineComponents.com,OnlineComponents,N,Distributor,USA
Onlinecomponents.com,OnlineComponents.com,N,Distributor,USA
ONRION LLC,Onrion,N,Distributor,USA
"OREGON BREAKERS, INC",Oregon Breakers,N,Distributor,USA
ORIOLE ELECTRIC,Oriole Electric,N,Service Provider,USA
Orkin,Orkin,N,Service Provider,USA
PACIFIC COAST BREAKER,Pacific Coast Breaker,N,Distributor,USA
PACIFIC POWER SOLUTIONS LLC,Pacific Power Solutions,N,Service Provider,USA
PAC-SUPPLY,Pac-Supply,N,Distributor,USA
Palantir Technologies Inc.,Palantir Technologies,N,Service Provider,USA
Pallet One MN Inc,PalletOne,N,Manufacturer,USA
PANDADOC,PandaDoc,N,Service Provider,USA
Panelmatic,Panelmatic,N,Manufacturer,USA
"PANTERO, INC.",Pantero,N,Distributor,USA
PARTS 4 HEATING,Parts 4 Heating,N,Distributor,USA
PARTS FOR SIGNS,Parts For Signs,N,Distributor,USA
PARTS SUPER CENTER,Parts Super Center,N,Distributor,USA
PATRICK MCLANNIGAN,Patrick McLannigan,N,Individual,USA
PAUL BUCKMASTER,Paul Buckmaster,N,Individual,USA
PAUL DIVVER,Paul Divver,N,Individual,USA
FRIZNER PAUL,Paul Frizner,N,Individual,USA
PAUL R FRANK,Paul R Frank,N,Individual,USA
Peak Trading Corporation,Peak Trading,N,Distributor,USA
PEAKER SERVICES INC,Peaker Services,N,Service Provider,USA
PEC SOLUTIONS LLC,PEC Solutions,N,Service Provider,USA
PEDOWITZ MACHINERY MOVERS,Pedowitz Machinery Movers,N,Service Provider,USA
PENN UNION CORPORATION,Penn Union,N,Manufacturer,USA
Pepco Akron,Pepco Akron,N,Distributor,USA
Performance Spray Equipment,Performance Spray Equipment,N,Distributor,USA
Permian Electrical Resources,Permian Electrical Resources,N,Distributor,USA
PHASE TECHNOLOGIES LLC,Phase Technologies,N,Manufacturer,USA
PHIL GERBER,Phil Gerber,N,Individual,USA
PHOENIX METALS,Phoenix Metals,N,Manufacturer,USA
PINE POINT WOOD PRODUCTS INC,Pine Point Wood Products,N,Manufacturer,USA
KILLER FISH HOLDINGS CO/PIRANHA FABRICATION LLC,Piranha Fabrication,N,Manufacturer,USA
Plant Power & Control Services,Plant Power & Control Services,N,Service Provider,USA
PLATT,Platt Electric Supply,N,Distributor,USA
PLATT ELECTRIC SUPPLY,Platt Electric Supply,N,Distributor,USA
PLC CITY,PLC City,N,Distributor,Italy
PLC SOURCE,PLC Source,N,Distributor,USA
POLYCAST,Polycast,N,Manufacturer,Canada
Polycast International,Polycast International,N,Manufacturer,Canada
POS REMARKETING GROUP,POS Remarketing Group,N,Service Provider,USA
POST GLOVER LIFELINK,Post Glover LifeLink,N,Manufacturer,USA
POST GLOVER RESISTORS INC,Post Glover Resistors,N,Manufacturer,USA
"Post Glover Resistors, Inc.",Post Glover Resistors,N,Manufacturer,USA
POWELL ELECTRICAL SYSTEMS INC,Powell Industries,N,Manufacturer,USA
POWER & CONTROLS INC,Power & Controls,N,Distributor,USA
Power and Data Management LLC,Power and Data Management,N,Service Provider,USA
POWER BRAKE DIES INC,Power Brake Dies,N,Manufacturer,USA
POWER ELECTRONICS INTERNATIONAL INC,Power Electronics International,N,Manufacturer,USA
546 POWER FACTOR,Power Factor,N,Service Provider,USA
POWER PLUS CONTROLS INC,Power Plus Controls,N,Manufacturer,USA
547 POWER SERVICES INC,Power Services,N,Service Provider,USA
POWER SOLUTION LLC,Power Solution,N,Service Provider,USA
548 POWER SYSTEMS ELECTRIC,Power Systems Electric,N,Service Provider,USA
POWER/MATION DIVISION INC,Power/Mation,N,Distributor,USA
POWERCON CORPORATION,Powercon,N,Manufacturer,USA
POWERED ELECTRIC SUPPLY,Powered Electric Supply,N,Distributor,USA
"PowerHouse Generator, Inc.",PowerHouse Generator,N,Distributor,USA
POWERLOGICS INC,Powerlogics,N,Manufacturer,South Korea
Powerside,Powerside,N,Manufacturer,Canada
POWERTECH CONTROLS,Powertech Controls,N,Distributor,USA
PRECISION DIGITAL CORPORATION,Precision Digital,N,Manufacturer,USA
"Precision Electric, Inc",Precision Electric,N,Service Provider,USA
PRECISION ELECTRIC,Precision Electric,N,Service Provider,USA
PRECISION ELECTRIC CONTROL LLC,Precision Electric Control,N,Manufacturer,USA
550 PREMIUM ELECTRIC LLC,Premium Electric,N,Service Provider,USA
"Premium Power Services, LLC",Premium Power Services,N,Service Provider,USA
PREMIUM WATERS INC,Premium Waters,N,Service Provider,USA
PRETREATMENT EQUIPMENT MANUFACTURING INC.,Pretreatment Equipment Manufacturing,N,Manufacturer,USA
PRIMARY ELECTRIC SUPPLY,Primary Electric Supply,N,Distributor,USA
Prime USA Scales,Prime USA Scales,N,Manufacturer,USA
Prism Electronics,Prism Electronics,N,Manufacturer,USA
PRO AEROSOLS,Pro Aerosols,N,Distributor,USA
PRO TEC DESIGN,Pro Tec Design,N,Service Provider,USA
PRODRYERS,ProDryers,N,Distributor,USA
Productivity Inc,Productivity,N,Distributor,USA
PMS Professional Motor Service,Professional Motor Service,N,Service Provider,USA
PROTEC EQUIPMENT RESOURCES LLC,Protec Equipment Resources,N,Service Provider,USA
PROTECH CHEMICALS LTD.,Protech Chemicals,N,Manufacturer,Canada
Pryco Inc.,Pryco,N,Manufacturer,USA
PRYSMIAN GROUP,Prysmian Group,N,Manufacturer,Italy
PSI CONTROL SOLUTIONS INC,PSI Control Solutions,N,Manufacturer,USA
QT CORP,QT,N,Manufacturer,USA
QT9 Software Inc.,QT9 Software,N,Service Provider,USA
"1093 QUALITY CABLE SOLUTIONS, INC",Quality Cable Solutions,N,Manufacturer,USA
"Quality Forklift Sales and Service, Inc",Quality Forklift Sales & Service,N,Service Provider,USA
Quality Forklift Sales and Service Inc,Quality Forklift Sales and Service,N,Service Provider,USA
QUALITY METALS INC,Quality Metals,N,Distributor,USA
QUALITY SWITCHGEAR CO,Quality Switchgear,N,Distributor,USA
CE POWER ENGINEERED SERVICES LLC / QUALUS,Qualus Power Services,N,Service Provider,USA
QUALUS SERVICES LLC,Qualus Services,N,Service Provider,USA
Qualus Services,Qualus Services,N,Service Provider,USA
QUANTUM MACHINERY GROUP/M&A EQUIPMENT INC,Quantum Machinery Group,N,Distributor,USA
QUANTUM TECHNOLOGY,Quantum Technology,N,Service Provider,USA
QUICK N CLEAN SERVICES LLC,Quick N Clean Services,N,Service Provider,USA
QUICKWAY RIGGING AND TRANSFER INC,Quickway Rigging & Transfer,N,Service Provider,USA
R & W Welding & Machine,R & W Welding & Machine,N,Service Provider,USA
R&R ELECTRIC LLC,R&R Electric,N,Service Provider,USA
R.C. GRAHAM CO LLC,R.C. Graham,N,Distributor,USA
RABZ GULF UNITED,Rabz Gulf United,N,Distributor,Saudi Arabia
RADWELL INTERNATIONAL,Radwell International,N,Distributor,USA
RAMLACHAN CHAITRAM,Ramlachan Chaitram,N,Individual,Unknown
RAMP BUSINESS CORPORATION,Ramp Business,N,Service Provider,USA
RANGE INC,Range,N,Service Provider,USA
Rankin Automation Co. LLC,Rankin Automation,N,Distributor,USA
RAPID PACKAGING,Rapid Packaging,N,Distributor,USA
RAS SYSTEMS LLC,RAS Systems,N,Manufacturer,USA
RAYCHEM SUPPLY,Raychem Supply,N,Distributor,USA
Razorleaf Corporation,Razorleaf,N,Service Provider,USA
559 RE NEWCOMB ELECTRIC  INC,RE Newcomb Electric,N,Service Provider,USA
560 REED & THOMAS ELECTRIC CO INC,Reed & Thomas Electric,N,Service Provider,USA
561 REEDY ELECTRICAL SERVICES,Reedy Electrical Services,N,Service Provider,USA
REGIONAL BREAKER SALES,Regional Breaker Sales,N,Distributor,USA
REGIONAL ELECTRIC CONTRACTORS,Regional Electric Contractors,N,Service Provider,USA
REGIONAL MATERIAL HANDLING & SUPPLY,Regional Material Handling & Supply,N,Distributor,USA
Registration Electric Supply,Registration Electric Supply,N,Distributor,USA
RELAY SPECIALTIES,Relay Specialties,N,Distributor,USA
Relevant Industrial Holdco LLC,Relevant Industrial Holdco,N,Distributor,USA
RELIANT SPECIALTY EQUIPMENT CORP,Reliant Specialty Equipment,N,Manufacturer,USA
Resa Power Solutions,Resa Power Solutions,N,Service Provider,USA
Resco Electronics,Resco Electronics,N,Distributor,USA
RESOURCE RECOVERY SOLUTIONS,Resource Recovery Solutions,N,Service Provider,USA
REVELATION MACHINERY HOLDINGS LLC,Revelation Machinery Holdings,N,Distributor,USA
REVOLT ELECTRICAL SERVICES INC,Revolt Electrical Services,N,Service Provider,USA
563 REW GROUP,REW Group,N,Service Provider,USA
668 REXEL INC,Rexel,N,Distributor,France
668:1 REXEL INC : REXEL - SALISBURY,Rexel,N,Distributor,France
668:8 REXEL INC : REXEL INC : REXEL - FREDERICK,Rexel,N,Distributor,France
668:3 REXEL INC : REXEL - CAPITOL HEIGHTS,Rexel,N,Distributor,France
669 REYCO ELECTRICAL SERVICES,Reyco Electrical Services,N,Service Provider,USA
RFSMART,RF-SMART,N,Service Provider,USA
RG INDUSTRIES SANTA FE,RG Industries Santa FE,N,Manufacturer,USA
RHINO BOARD INC.,Rhino Board,N,Manufacturer,USA
RICHARD C GRIFFIN,Richard C Griffin,N,Individual,USA
RICHARD COFFEY,Richard Coffey,N,Individual,USA
RICHARD GRIFFIN,Richard Griffin,N,Individual,USA
Richards Manufacturing,Richards Manufacturing,N,Manufacturer,USA
RITZ INSTRUMENT TRANSFORMERS GmbH,RITZ Instrument Transformers Gmbh,N,Manufacturer,Germany
RIVER CITY INDUSTRIAL INC,River City Industrial,N,Service Provider,USA
RIVER ELECTRIC SUPPLY,River Electric Supply,N,Distributor,USA
RMS ENERGY,RMS Energy,N,Service Provider,USA
RNT SUPPLY  INC,RNT Supply,N,Distributor,USA
ROANOKE ELECTRIC ZUPPLY INC,Roanoke Electric Supply,N,Distributor,USA
ROB BAILEY,Rob Bailey,N,Individual,USA
ROB MARTIN,Rob Martin,N,Individual,USA
ROBERT A HUNSBERGER,Robert A Hunsberger,N,Individual,USA
ROBERT B J ALLEN,Robert B J Allen,N,Individual,USA
ROBERT BAILEY,Robert Bailey,N,Individual,USA
ROBERT COLUZZI,Robert Coluzzi,N,Individual,USA
ROBERT TERRETT,Robert Terrett,N,Individual,USA
ROBERTS OXYGEN BALTIMORE,Roberts Oxygen Baltimore,N,Distributor,USA
RoboVent,RoboVent,N,Manufacturer,USA
ROCKFORD CONTROLS OF MINNESOTA,Rockford Controls of Minnesota,N,Distributor,USA
"ROCKFORD SYSTEMS, LLC",Rockford Systems,N,Manufacturer,USA
RODNEY MATTIS,Rodney Mattis,N,Individual,USA
RODNEY PEDDICORD,Rodney Peddicord,N,Individual,USA
ROGER JOSEPH,Roger Joseph,N,Individual,USA
"Rolleri USA, LLC",Rolleri USA,N,Manufacturer,USA
ROMAC SUPPLY,Romac Supply,N,Distributor,USA
828 ROMMEL ELECTRIC,Rommel Electric,N,Service Provider,USA
RORY CHERRY,Rory Cherry,N,Individual,USA
ROSENDIN ELECTRIC,Rosendin Electric,N,Service Provider,USA
570:2 ROSENDIN ELECTRIC : ROSENDIN ELECTRIC - HANOVER MD,Rosendin Electric,N,Service Provider,USA
570 ROSENDIN ELECTRIC,Rosendin Electric,N,Service Provider,USA
570:1 ROSENDIN ELECTRIC : ROSENDIN ELECTRIC - STERLING VA,Rosendin Electric,N,Service Provider,USA
570:4 ROSENDIN ELECTRIC : ROSENDIN ELECTRIC - SAN JOSE CA,Rosendin Electric,N,Service Provider,USA
ROSS DECCO,Ross Decco,N,Manufacturer,USA
"RS COMPONENTS - do not use, use RS America",RS America,N,Distributor,USA
RS AMERICAS INC,RS Americas,N,Distributor,USA
RS AMERICAS INC / ALLIEDELEC.COM,RS Americas,N,Distributor,USA
787 RS BREAKERS & CONTROLS,RS Breakers & Controls,N,Distributor,USA
RS COMPONENTS,RS Components,N,Distributor,United Kingdom
571 RSC ELECTRICAL & MECHANICAL CONTRACTORS,RSC Electrical & Mechanical Contractors,N,Service Provider,USA
1128 RSC ELECTRICAL INC (MICHIGAN),Rsc Electrical (Michigan),N,Service Provider,USA
RSP SUPPLY,RSP Supply,N,Distributor,USA
572 RTL ELECTRIC INC,RTL Electric,N,Service Provider,USA
RUBEN FEMA,Ruben Fema,N,Individual,Unknown
RUSTY FRANK,Rusty Frank,N,Individual,USA
"Ruwac, Inc.",Ruwac,N,Manufacturer,USA
RYAN BINNIC,Ryan Binnic,N,Individual,USA
JOSEPH T RYERSON & SON INC,Ryerson,N,Distributor,USA
S & C ELECTRIC COMPANY,S & C Electric,N,Manufacturer,USA
S & S HINGE COMPANY,S & S Hinge,N,Manufacturer,USA
S&S ELECTRICAL SUPPLY,S&S Electrical Supply,N,Distributor,USA
S&S INDUSTRIAL SURPLUS,S&S Industrial Surplus,N,Distributor,USA
S+S INDUSTRIES INC,S+S Industries,N,Manufacturer,USA
"S+S INDUSTRIES, INC.",S+S Industries,N,Manufacturer,USA
SAFETY PRODUCTS WHOLESALE,Safety Products Wholesale,N,Distributor,USA
"Safety-Kleen Systems, Inc.",Safety-Kleen Systems,N,Service Provider,USA
SAGINAW CONTROL AND ENGINEERING,Saginaw Control & Engineering,N,Manufacturer,USA
SALINGER ELECTRIC CO INC,Salinger Electric,N,Distributor,USA
"SALTCHUK RESOURCES, INC.",Saltchuk Resources,N,Service Provider,USA
SALVAGNINI AMERICA INC,Salvagnini America,N,Manufacturer,USA
Samsara Inc.,Samsara,N,Manufacturer,USA
SANTA CLARA SYSTEMS,Santa Clara Systems,N,Distributor,USA
SATEC GLOBAL,Satec Global,N,Manufacturer,USA
SB INDUSTRIAL SUPPLY,SB Industrial Supply,N,Distributor,USA
Schad Tracy Signs,Schad Tracy Signs,N,Manufacturer,USA
SCHAHN CONSTRUCTION SERVICES LLC,Schahn Construction Services,N,Service Provider,USA
"Schneider Electric Buildings Americas, Inc.",Schneider Electric Usa,N,Manufacturer,USA
SCHNEIDER ELECTRIC USA INC.,Schneider Electric Usa,N,Manufacturer,USA
"SCHNEIDER ELECTRIC USA, INC.",Schneider Electric Usa,N,Manufacturer,USA
Schuth and Associates LLC,Schuth and Associates,N,Service Provider,USA
1099 SCHWEB MANAGEMENT,Schweb Management,N,Service Provider,USA
SCHWEITZER ENGINEERING LABORATORIES,Schweitzer Engineering,N,Manufacturer,USA
SEL - SCHWEITZER ENGINEERING LABORATORIES,Schweitzer Engineering,N,Manufacturer,USA
SCOPE SYSTEMS,Scope Systems,N,Service Provider,USA
SCOTT ELECTRIC,Scott Electric,N,Distributor,USA
SCOTT LESLIE GROB,Scott Leslie Grob,N,Individual,USA
SCOTT SHIN,Scott Shin,N,Individual,USA
Scott Sweat,Scott Sweat,N,Individual,USA
SCOTT THOMAS SWEAT,Scott Thomas Sweat,N,Individual,USA
SDA Maufacturing LLC,SDA Manufacturing,N,Manufacturer,USA
SEALCON,Sealcon,N,Manufacturer,USA
Sealed Air Corporation,Sealed Air,N,Manufacturer,USA
SEAN TREDWAY,Sean Tredway,N,Individual,USA
SECURE CABLE TIES,Secure Cable Ties,N,Manufacturer,USA
SEFCOR INC,Sefcor,N,Manufacturer,USA
"SELECT BREAKERS, LLC",Select Breakers,N,Distributor,USA
SELECT EQUIPMENT CO INDIANA,Select Equipment Co Indiana,N,Distributor,USA
SELECT EQUIPMENT NY,Select Equipment NY,N,Distributor,USA
SELECT RECOVERY SERVICES,Select Recovery Services,N,Service Provider,USA
SELECT SURPLUS,Select Surplus,N,Distributor,USA
SENECA FTI,Seneca FTI,N,Manufacturer,USA
SENTIENT INVESTMENT CORPORATION,Sentient Investment,N,Service Provider,USA
SEPP,SEPP,N,Service Provider,USA
Serra Laser Center,Serra Laser Center,N,Service Provider,USA
SERV-A-PURE COMPANY,Serv-A-Pure,N,Distributor,USA
SERVICEX MEP,ServiceX MEP,N,Service Provider,USA
Seton,Seton Identification Products,N,Distributor,USA
SETRA SYSTEMS INC,Setra Systems,N,Manufacturer,USA
SHALLCO INCORPORATED,Shallco,N,Manufacturer,USA
SHALLCO,Shallco,N,Manufacturer,USA
shanghai huazhe international co LTD,Shanghai Huazhe International,N,Distributor,China
"Shanghai Kingsing Auto Co., LTD",Shanghai Kingsing Auto,N,Manufacturer,China
SHAWN ABEY,Shawn Abey,N,Individual,Unknown
SHEPHERD ELECTRIC SUPPLY CO,Shepherd Electric Supply,N,Distributor,USA
673 SHEPHERD ELECTRIC SUPPLY,Shepherd Electric Supply,N,Distributor,USA
673:1 SHEPHERD ELECTRIC SUPPLY : SHEPHERD ELECTRIC SUPPLY - LAUREL,Shepherd Electric Supply,N,Distributor,USA
673:2 SHEPHERD ELECTRIC SUPPLY : SHEPHERD ELECTRIC SUPPLY-BALTIMORE,Shepherd Electric Supply,N,Distributor,USA
673:4 SHEPHERD ELECTRIC SUPPLY : SHEPHERD ELECTRIC SUPPLY - STERLING,Shepherd Electric Supply,N,Distributor,USA
673:3 SHEPHERD ELECTRIC SUPPLY : SHEPHERD ELECTRIC SUPPLY - FREDERICK,Shepherd Electric Supply,N,Distributor,USA
674 SHEPHERD WASH DC LLC,Shepherd Electric Supply,N,Distributor,USA
Shermco Industries,Shermco Industries,N,Service Provider,USA
THE SHERWIN-WILLIAMS CO,Sherwin-Williams,N,Manufacturer,USA
SHINGLE & GIBB AUTOMATION,Shingle & Gibb Automation,N,Distributor,USA
Siegmund Welding Tables,Siegmund Usa,N,Manufacturer,Germany
SIEMENS INDUSTRY INC - USE SIEIND,Siemens,N,Manufacturer,Germany
SIEMENS INDUSTRY INC,Siemens,N,Manufacturer,USA
SIERRA PACIFIC ENGINEERING AND PRODUCTS,Sierra Pacific Engineering & Products,N,Manufacturer,USA
SIERRA PACIFIC,Sierra Pacific Engineering & Products,N,Manufacturer,USA
SIGMA SURPLUS,Sigma Surplus,N,Distributor,USA
SIGNALGUYS.COM,SignalGuys,N,Distributor,USA
Signaworks,Signaworks,N,Manufacturer,USA
SILICON VALLEY BREAKER & CONTROL,Silicon Valley Breaker & Control,N,Distributor,USA
Simplex,Simplex,N,Manufacturer,USA
"Simplex, Inc.",Simplex,N,Manufacturer,USA
SIMPLY BREAKERS,Simply Breakers,N,Distributor,USA
SINGLETON ELECTRC,Singleton Electric,N,Service Provider,USA
1140 SINGLETON ELECTRIC,Singleton Electric,N,Service Provider,USA
SIR SPEEDY,Sir Speedy,N,Service Provider,USA
SISCO INC,Sisco,N,Manufacturer,USA
SIWEK LUMBER & MILLWORK INC,Siwek Lumber & Millwork,N,Distributor,USA
SlatPro LLC,SlatPro,N,Manufacturer,USA
SLOCUM EQUIPMENT INC.,Slocum Equipment,N,Distributor,USA
SmartSign,SmartSign,N,Manufacturer,USA
SNEED CODING SOLUTIONS,Sneed Coding Solutions,N,Distributor,USA
573 SNYDER ELECTRIC INC,Snyder Electric,N,Service Provider,USA
"SOCOMEC, INC.",Socomec,N,Manufacturer,France
SOFTWARE ONE INC,SoftwareOne,N,Service Provider,Switzerland
1085 SOLAR ENERGY WORLD,Solar Energy World,N,Service Provider,USA
"SolEpoxy, Inc.",SolEpoxy,N,Manufacturer,USA
SOLEPOXY INC,SolEpoxy,N,Manufacturer,USA
SOLON MANUFACTURING COMPANY,Solon Manufacturing,N,Manufacturer,USA
574 SONNER & ASSOCIATES,Sonner & Associates,N,Service Provider,USA
SOUTH METRO COATINGS LLP,South Metro Coatings LLP,N,Service Provider,USA
TTM  SOUTHBAY ELECTRICAL SUPPLY CORP,Southbay Electrical Supply,N,Distributor,USA
SOUTHBEND INDUSTRIAL,Southbend Industrial,N,Distributor,USA
SOUTHLAND ELECTRICAL SUPPLY,Southland Electrical Supply,N,Distributor,USA
Southside Breaker,Southside Breaker,N,Distributor,USA
SOUTHWEST VIRGINIA SURPLUS,Southwest Virginia Surplus,N,Distributor,USA
SOVELL INVESTIGATIVE TESTING AND CONSULTING INC,Sovell Investigative Testing and Consulting,N,Service Provider,USA
SPECIAL MINE SERVICES INC,Special Mine Services,N,Manufacturer,USA
SPECIALTY ELECTRIC SUPPLY,Specialty Electric Supply,N,Distributor,USA
SPECIALTY ELECTRIC SUPPLY - IL,Specialty Electric Supply,N,Distributor,USA
Specified Electrical Systems. LLC,Specified Electrical Systems,N,Manufacturer,USA
576 SPECIFIED ELECTRICAL SYSTEMS,Specified Electrical Systems,N,Manufacturer,USA
SPEC-MAG SPECIALITY MAGNETICS LLC,Spec-Mag Speciality Magnetics,N,Manufacturer,USA
SPECTRUM INDUSTRIES,Spectrum Industries,N,Manufacturer,USA
SPECTRUM SIGN SYSTEMS INC,Spectrum Sign Systems,N,Manufacturer,USA
SPRAY FOAM INSULATION SYSTEMS INC,Spray Foam Insulation Systems,N,Service Provider,USA
SPRECHER & SCHUH,Sprecher & Schuh,N,Manufacturer,Switzerland
STANDARD ELECTRIC SUPPLY,Standard Electric Supply,N,Distributor,USA
STATE ELECTRIC SUPPLY CO.,State Electric Supply,N,Distributor,USA
STATE MOTOR AND CONTROL,State Motor and Control,N,Distributor,USA
STATES % MEGGER,States & Megger,N,Manufacturer,USA
States Manufacturing LLC,States Manufacturing,Intercompany,Manufacturer,USA
STEFFES,Steffes,N,Manufacturer,USA
STEGO INC,STEGO,N,Manufacturer,Germany
STEPHEN F BREAKEY,Stephen F Breakey,N,Individual,USA
STEPHENS ELECTRIC FL,Stephens Electric FL,N,Service Provider,USA
STERLING WIRE AND CABLE,Sterling Wire and Cable,N,Distributor,USA
STEVE COFFEY,Steve Coffey,N,Individual,USA
STEVE LEITH,Steve Leith,N,Individual,USA
STEVE PETRI,Steve Petri,N,Individual,USA
STEVEN MICHAEL PETRI,Steven Michael Petri,N,Individual,USA
STEVEN  MITCHELL,Steven Mitchell,N,Individual,USA
STEVEN SULLIVAN,Steven Sullivan,N,Individual,USA
STOCKX.COM,StockX,N,Distributor,USA
STORED ENERGY SYSTEMS LLC,Stored Energy Systems,N,Manufacturer,USA
STORM POWER COMPONENTS,Storm Power Components,N,Manufacturer,USA
"1299 StratCap Datasphere 4150 W 150th St, LLC",Stratcap Datasphere,N,Service Provider,USA
STREAMLINE SAFETY,Streamline Safety,N,Distributor,USA
Sunbelt Rentals,Sunbelt Rentals,N,Service Provider,USA
"Sunbelt Solomon Services, LLC",Sunbelt Solomon Services,N,Service Provider,USA
1139 Sunflower E Attn:Ian,Sunflower E Attn:Ian,N,Service Provider,USA
SUPERBREAKERS,SuperBreakers,N,Distributor,USA
SUPERIOR INTERLOCK CORPORATION,Superior Interlock,N,Manufacturer,USA
SUPERIOR INTERLOCK CORP.,Superior Interlock,N,Manufacturer,USA
SUPPLY HOUSE,SupplyHouse,N,Distributor,USA
"SupplyOne Weyers Cave, Inc.",SupplyOne Weyers Cave,N,Distributor,USA
SUREPOWER INC,SurePower,N,Service Provider,USA
SURPLUS AUTOMATION EQUIPMENT,Surplus Automation Equipment,N,Distributor,USA
SURPLUS ELECTRICAL CONNECTIONS,Surplus Electrical Connections,N,Distributor,USA
SURPLUS ELECTRICAL,Surplus Electrical Supply,N,Distributor,USA
1158 Surplus Electrical,Surplus Electrical Supply,N,Distributor,USA
SURPLUS EQUIPMENT,Surplus Equipment,N,Distributor,USA
SURPLUS INDUSTRIAL SUPPLY,Surplus Industrial Supply,N,Distributor,USA
SURPLUS SALVAGED INDIANA,Surplus Salvaged Indiana,N,Distributor,USA
SIRPL USCO,SurplusCo,N,Distributor,USA
SW ANDERSON COMPANY,SW Anderson,N,Distributor,USA
SWITCHGEAR EXCHANGE,Switchgear Exchange,N,Distributor,USA
SWITCHGEAR POWER SOLUTIONS,Switchgear Power Solutions,N,Manufacturer,USA
"SynAck Solutions, LLC",SynAck Solutions,N,Service Provider,USA
SZCO SUPPLIES INC,SZCO Supplies,N,Distributor,USA
T J POTTER TRUCKING INC,T J Potter Trucking,N,Service Provider,USA
582 T&B ELECTRIC CO INC,T&B Electric,N,Service Provider,USA
583 T&J ELECTRIC CORP % LEE ELEC,T&J Electric  % Lee Elec,N,Service Provider,USA
"Tail Industries, Inc.",Tail Industries,N,Manufacturer,USA
585 TANG ELECTRIC INC,Tang Electric,N,Service Provider,USA
Tanner Bilborough,Tanner Bilborough,N,Individual,USA
TCLIFESAFETY.COM,TC Life Safety,N,Distributor,USA
TC LIFE SAFETY,TC Life Safety,N,Distributor,USA
TEAMCO INDUSTRIES,Teamco Industries,N,Manufacturer,USA
TEAMEQUIP,TeamEquip,N,Distributor,USA
587 TECH SITE SERVICES,Tech Site Services,N,Service Provider,USA
TECH4 LLC,Tech4,N,Service Provider,USA
TECHNIBUS INC,Technibus,N,Manufacturer,USA
TECHNICAL PLATING INC,Technical Plating,N,Service Provider,USA
TECHNICAL TOOL PRODUCTS INC,Technical Tool Products,N,Distributor,USA
TEI ELECTRICAL SOLUTIONS,TEI Electrical Solutions,N,Service Provider,USA
588 TELCO POWER & CABLE,Telco Power & Cable,N,Distributor,USA
TENNESSEE CIRCUIT BREAKER,Tennessee Circuit Breaker,N,Distributor,USA
TEquipment,TEquipment,N,Distributor,USA
TERRANCE MOYNIHAN,Terrance Moynihan,N,Individual,USA
TEST EQUITY,TestEquity,N,Distributor,USA
TEWALT LLC/TEWALT ENGINEERING,Tewalt Engineering,N,Service Provider,USA
589 TEXAM CONSTRUCTION CO,Texam Construction Co,N,Service Provider,USA
TEXAS MOTOR AND CONTROL,Texas Motor and Control,N,Distributor,USA
"THE BENDER-CHISWICK GROUP, LLC",The Bender-Chiswick Group,N,Service Provider,USA
THE CIRCUIT BREAKER PROS,The Circuit Breaker Pros,N,Service Provider,USA
The Equipment Hub LLC,The Equipment Hub,N,Distributor,USA
GUND COMPANY INC,The Gund Company,N,Manufacturer,USA
home depot,The Home Depot,N,Distributor,USA
The Home Depot,The Home Depot,N,Distributor,USA
THE MOTOR CONTROL CENTER,The Motor Control Center,N,Distributor,USA
THE PART CRIB / SIR PLUS CO,The Part Crib / Sir Plus,N,Distributor,USA
The Treadstone Group,The Treadstone Group,N,Service Provider,USA
THERMAL DEVICES,Thermal Devices,N,Distributor,USA
"THERM-O-LINK, INC",Therm-O-Link,N,Manufacturer,USA
THERMOWELD,Thermoweld,N,Manufacturer,USA
THOMAS KRANICH,Thomas Kranich,N,Individual,USA
Thompson Tractor,Thompson Tractor,N,Distributor,USA
Thomson Power Systems,Thomson Power Systems,N,Manufacturer,Canada
THREE D METALS INC,Three D Metals,N,Distributor,USA
THREE D METALS,Three D Metals,N,Distributor,USA
THYSSEN KRUPP,thyssenkrupp,N,Manufacturer,Germany
THYSSENKRUPP MATERIALS NA INC,thyssenkrupp Materials NA,N,Distributor,USA
"THYSSENKRUPP MATERIALS NA, INC.",thyssenkrupp Materials NA,N,Distributor,USA
TIDAL TIME SOLUTIONS,Tidal Time Solutions,N,Service Provider,USA
TIM BOSLEY,Tim Bosley,N,Individual,USA
TIM CAMPBELL,Tim Campbell,N,Individual,USA
TIMMERMAN FINISHING INC,Timmerman Finishing,N,Service Provider,USA
744 TISSA ENTERPRISES INC.,Tissa Enterprises,N,Manufacturer,USA
"TJ&M Services, Inc.",TJ&M Services,N,Service Provider,USA
TLC ELECTRONICS,TLC Electronics,N,Distributor,USA
TODD MARTIN,Todd Martin,N,Individual,USA
TOLL GAS & WELDING SUPPLY,Toll Gas & Welding Supply,N,Distributor,USA
Tom Gubernatis,Tom Gubernatis,N,Individual,USA
TOM GUBERNATIS III,Tom Gubernatis III,N,Individual,USA
TOO MANY AMPS,Too Many Amps,N,Service Provider,USA
TOOLDISCOUNTER.COM,ToolDiscounter,N,Distributor,USA
TOOLS & ACCESSORIES,Tools & Accessories,N,Distributor,USA
592 TOTAL CONTROL ELECTRICAL CO,Total Control Electrical Co,N,Service Provider,USA
TOTAL CONTROL SUPPLY,Total Control Supply,N,Distributor,USA
TOTAL GRAPHIC SOURCE LLC,Total Graphic Source,N,Service Provider,USA
Total Plastics Int'l,Total Plastics Int'L,N,Distributor,USA
TRAFFIC CONTROL CORPORATION,Traffic Control,N,Distributor,USA
TRANSAMERICAN EQUIPMENT COMPANY LLC,TransAmerican Equipment Company,N,Distributor,USA
TRANSCAT INSTRUMENTS,Transcat Instruments,N,Distributor,USA
TRC ELECTRONICS INC,TRC Electronics,N,Distributor,USA
594 TRI POWER ELECTRICAL CONTRACTOR,Tri Power Electrical Contractor,N,Service Provider,USA
TRICOR DIRECT INC,Tricor Direct,N,Distributor,USA
"1181 TRICORE SYSTEMS, LLC",Tricore Systems,N,Service Provider,USA
TRILLIUM CONTROLS INC,Trillium Controls,N,Distributor,Canada
TROY CHEMICAL INDUSTRIES INC,Troy Chemical Industries,N,Manufacturer,USA
Truck Fall Protection,Truck Fall Protection,N,Manufacturer,USA
TRUE POWER LLC,True Power,N,Service Provider,USA
597 TRUNNELL ELECTRIC,Trunnell Electric,N,Service Provider,USA
TTI EECTRONICS,TTI Electronics,N,Distributor,USA
733 TURKISH AMERICAN COMMUNITY CENTER,Turkish American Community Center,N,Service Provider,USA
TURNAROUND SYSTEMS,Turnaround Systems,N,Service Provider,USA
TWIN CITY HARDWARE CO,Twin City Hardware,N,Distributor,USA
TWIN PINES METROLOGY INC,Twin Pines Metrology,N,Service Provider,USA
TYCO ELECTRONICS CORP,Tyco Electronics,N,Manufacturer,USA
TYREN,Tyren,N,Service Provider,USA
UL LLC,UL,N,Service Provider,USA
UL LLC / UNDERWRITERS LABORATORY LLC,UL,N,Service Provider,USA
1239 ULE GROUP,ULE Group,N,Distributor,USA
ULINE - SHIPPING & PACKING SUPPLIES,Uline,N,Distributor,USA
599 UNION ELECTRIC LLC,Union Electric,N,Service Provider,USA
701 UNION LIGHT & POWER CO,Union Light & Power,N,Service Provider,USA
Unitech Electronic Contractors,Unitech Electronic Contractors,N,Service Provider,USA
UNITED ELECTRIC COMPANY,United Electric,N,Distributor,USA
United Electric,United Electric,N,Distributor,USA
UNITED POWER SERVICES,United Power Services,N,Service Provider,USA
United Rentals,United Rentals,N,Service Provider,USA
Universal Environmental Services,Universal Environmental Services,N,Service Provider,USA
UNIVERSAL UTILITY SUPPLY CO,Universal Utility Supply,N,Distributor,USA
"1152 UNIVERSITY OF MARYLAND, COLLEGE PARK","University of Maryland, College Park",N,Service Provider,USA
600 UNLIMITED ELECTRICAL SERVICES,Unlimited Electrical Services,N,Service Provider,USA
UPSTATE BREAKER WHOLESALE,Upstate Breaker Wholesale,N,Distributor,USA
682 UPSTATE BREAKER,Upstate Breaker Wholesale,N,Distributor,USA
601 carol@urbanfrancisllc.comURBAN FRANCIS LLC,Urban Francis,N,Service Provider,USA
602 UTAH BREAKERS & SUPPLY,Utah Breakers & Supply,N,Distributor,USA
603 UZI Electric,Uzi Electric,N,Service Provider,USA
Vac-U-Max,Vac-U-Max,N,Manufacturer,USA
VAN METER INC,Van Meter,N,Distributor,USA
VANGUARD CLEANING SYSTEMS OF MARYLAND,Vanguard Cleaning Systems,N,Service Provider,USA
VanTran Industries Inc,VanTran Industries,Intercompany,Manufacturer,USA
VANTRAN TRANSFORMERS,Vantran Transformers,Intercompany,Manufacturer,USA
604 VARCOMAC LLC,VarcoMac,N,Service Provider,USA
VB INDUSTRIAL SUPPLY,VB Industrial Supply,N,Distributor,USA
"Versacall Technologies, Inc.",Versacall Technologies,N,Manufacturer,USA
703 VESSEL ELECTRIC LLC,Vessel Electric,N,Service Provider,USA
VIAFLEX INC,Viaflex,N,Manufacturer,USA
VICOR CORPORATION,Vicor,N,Manufacturer,USA
VIKING ELECTRIC SUPPLY INC,Viking Electric Supply,N,Distributor,USA
VIKING MATERIALS INC,Viking Materials,N,Distributor,USA
Virtual Vendor,Virtual Vendor,N,Service Provider,Unknown
vistaprint,Vistaprint,N,Manufacturer,Netherlands
Visual Knowledge Share LTD.,Visual Knowledge Share,N,Service Provider,Canada
Viversoft Inc.,Viversoft,N,Service Provider,USA
VOLT LIGHTING,Volt Lighting,N,Manufacturer,USA
VOLUNTEER EQUIP & SUPPLY,Volunteer Equip & Supply,N,Distributor,USA
VOYTEN ELECTRIC  INC,Voyten Electric,N,Service Provider,USA
VSW LLC,VSW,N,Service Provider,USA
WB mason,W.B. Mason,N,Distributor,USA
605 Wahah Electric Supply Co,Wahah Electric Supply,N,Distributor,USA
WALK IN SURPLUS VENDOR,Walk In Surplus Vendor,N,Distributor,Unknown
Walker Electric Supply,Walker Electric Supply,N,Distributor,USA
606 WALTER ELECTRIC LLC,Walter Electric,N,Service Provider,USA
WALTER LOZANO,Walter Lozano,N,Individual,USA
WALTHER ELECTRIC,Walther Electric,N,Manufacturer,Germany
WATER RESOURCES GROUP INC (PARENT COMPANY),Water Resources Group,N,Service Provider,USA
WATTCO INC,Wattco,N,Manufacturer,Canada
WATTEREDGE,Watteredge,N,Manufacturer,USA
WAYNE RICHARDS,Wayne Richards,N,Individual,USA
WEB ELECTRIC INC.,Web Electric,N,Service Provider,USA
WEBER PRECISION GRAPHICS,Weber Precision Graphics,N,Manufacturer,USA
607 WEISMAN ELECTRIC CO,Weisman Electric,N,Service Provider,USA
Wenzel Heating & Air Conditioning,Wenzel Heating & Air Conditioning,N,Service Provider,USA
WESCHLER INSTRUMENTS,Weschler Instruments,N,Manufacturer,USA
WEST TOOL AND DESIGN LLC,West Tool & Design,N,Manufacturer,USA
"WESTCO SYSTEMS, INC.",Westco Systems,N,Service Provider,USA
WESTERN ENTERPRISES SUPPLY,Western Enterprises Supply,N,Distributor,USA
ELECTRICAL.COM / WIDESPREAD ELECTRIC SUPPLY CO,Widespread Electric Supply,N,Distributor,USA
WIESE USA,Wiese USA,N,Service Provider,USA
WILLIAM AUTOMATION,William Automation,N,Distributor,USA
WILLIAM JOHN BARBAGALLO,William John Barbagallo,N,Individual,USA
1230 WILLIAMS ELECTRIC,Williams Electric,N,Service Provider,USA
WILSON TOOL INTERNATIONAL INC,Wilson Tool International,N,Manufacturer,USA
"WILSON TOOL INTERNATIONAL, INC",Wilson Tool International,N,Manufacturer,USA
WIRE AND CABLE,Wire and Cable,N,Distributor,USA
WISNER CONTROLS,Wisner Controls,N,Distributor,USA
WITS END FABRICATION,Wits End Fabrication,N,Manufacturer,USA
609 WORCH ELECTRIC INC,Worch Electric,N,Service Provider,USA
WORKSITE LIGHTING,Worksite Lighting,N,Manufacturer,USA
"WORLDWIDE ELECTRIC SALVAGE, INC",Worldwide Electric Salvage,N,Distributor,USA
WORLDWIDE ELECTRIC SERVICES,Worldwide Electric Services,N,Service Provider,USA
XEROX CORPORATION,Xerox,N,Manufacturer,USA
XOMETRY,Xometry,N,Service Provider,USA
Paypal*YAGILLC,Yagi,N,Distributor,USA
YUKON CORPORATION,Yukon,N,Manufacturer,USA
ZACH BOYD,Zach Boyd,N,Individual,USA
ZAHID BHATTI,Zahid Bhatti,N,Individual,USA
ZIEGLER POWER SYSTEMS,Ziegler Power Systems,N,Service Provider,USA
Zimco Tool  LLC,Zimco Tool,N,Distributor,USA
"Zimco Tool, LLC",Zimco Tool,N,Distributor,USA
610 ZINKAND ELECTRIC CO INC,Zinkand Electric,N,Service Provider,USA
ZORO,Zoro,N,Distributor,USA
ZORO TOOLS INC,Zoro,N,Distributor,USA
